"Date","Price","Open","High","Low","Vol.","Change %"
"04/09/2026","3,629.91","3,631.46","3,632.30","3,629.63","","-0.04%"
"03/09/2026","3,631.30","3,622.27","3,631.68","3,620.80","","0.46%"
"02/09/2026","3,614.68","3,605.13","3,616.47","3,604.84","","0.31%"
"01/09/2026","3,603.68","3,602.63","3,612.18","3,596.32","","-0.36%"
"31/08/2026","3,616.88","3,616.35","3,618.04","3,610.76","","-0.04%"
"28/08/2026","3,618.24","3,620.96","3,626.46","3,614.77","","-0.01%"
"27/08/2026","3,618.46","3,612.79","3,620.13","3,610.10","","0.35%"
"26/08/2026","3,605.96","3,602.51","3,608.39","3,600.70","","0.05%"
"25/08/2026","3,604.23","3,604.13","3,604.87","3,599.01","","0.18%"
"24/08/2026","3,597.85","3,597.52","3,601.30","3,593.90","","-0.05%"
"22/08/2026","3,599.65","3,601.91","3,599.65","3,599.65","","0.00%"
"21/08/2026","3,599.65","3,601.91","3,602.00","3,598.38","","-0.05%"
"20/08/2026","3,601.58","3,601.40","3,601.58","3,601.40","","0.01%"
"19/08/2026","3,601.07","3,600.92","3,601.09","3,599.76","","0.02%"
"18/08/2026","3,600.34","3,600.25","3,600.41","3,600.06","","0.01%"
"17/08/2026","3,600.15","3,600.21","3,600.25","3,599.92","","0.03%"
"16/08/2026","3,598.95","3,598.76","3,598.95","3,598.95","","0.00%"
"14/08/2026","3,598.95","3,598.76","3,599.11","3,598.63","","0.02%"
"13/08/2026","3,598.16","3,597.90","3,598.26","3,597.90","","0.03%"
"12/08/2026","3,596.96","3,596.99","3,597.18","3,596.60","","0.05%"
"11/08/2026","3,595.04","3,595.32","3,595.83","3,594.67","","0.01%"
"10/08/2026","3,594.67","3,594.58","3,595.23","3,594.38","","0.05%"
"08/08/2026","3,592.94","3,591.59","3,592.94","3,592.94","","0.00%"
"07/08/2026","3,592.94","3,591.59","3,593.25","3,591.49","","0.10%"
"06/08/2026","3,589.52","3,589.06","3,590.53","3,588.38","","0.03%"
"05/08/2026","3,588.38","3,589.30","3,589.78","3,587.37","","0.04%"
"04/08/2026","3,586.84","3,582.55","3,587.93","3,581.73","","0.25%"
"03/08/2026","3,578.07","3,566.00","3,578.89","3,565.78","","0.58%"
"31/07/2026","3,557.59","3,551.76","3,562.24","3,530.99","","0.36%"
"30/07/2026","3,544.94","3,524.20","3,544.94","3,520.66","","1.30%"
"29/07/2026","3,499.57","3,531.09","3,542.44","3,499.57","","-1.00%"
"28/07/2026","3,535.09","3,529.48","3,540.29","3,520.58","","0.17%"
"27/07/2026","3,529.21","3,543.23","3,545.04","3,518.92","","0.10%"
"25/07/2026","3,525.53","3,523.43","3,525.53","3,525.53","","0.00%"
"24/07/2026","3,525.53","3,523.43","3,538.20","3,520.27","","0.12%"
"23/07/2026","3,521.19","3,521.77","3,531.33","3,510.56","","-0.63%"
"22/07/2026","3,543.48","3,541.02","3,547.98","3,541.02","","-0.01%"
"21/07/2026","3,543.84","3,537.26","3,544.68","3,533.45","","0.47%"
"20/07/2026","3,527.36","3,539.12","3,541.12","3,525.50","","0.06%"
"17/07/2026","3,525.12","3,534.40","3,534.81","3,522.40","","-0.92%"
"16/07/2026","3,557.71","3,557.71","3,558.76","3,553.26","","0.00%"
"15/07/2026","3,557.56","3,556.35","3,557.56","3,552.74","","0.14%"
"14/07/2026","3,552.69","3,548.13","3,553.33","3,545.47","","0.25%"
"13/07/2026","3,543.86","3,550.08","3,551.46","3,541.08","","-0.19%"
"10/07/2026","3,550.67","3,546.20","3,551.26","3,541.14","","0.19%"
"09/07/2026","3,543.99","3,531.31","3,543.99","3,529.25","","0.44%"
"08/07/2026","3,528.34","3,520.36","3,530.38","3,509.79","","-0.13%"
"07/07/2026","3,532.97","3,538.08","3,538.77","3,526.96","","-0.18%"
"06/07/2026","3,539.29","3,532.26","3,540.12","3,528.89","","0.57%"
"02/07/2026","3,519.36","3,524.77","3,531.95","3,505.16","","-0.02%"
"01/07/2026","3,520.02","3,514.39","3,527.22","3,509.10","","0.08%"
"30/06/2026","3,517.12","3,503.87","3,521.76","3,502.57","","0.43%"
"29/06/2026","3,501.95","3,487.08","3,503.61","3,473.54","","-0.02%"
"26/06/2026","3,502.73","3,456.23","3,502.73","3,449.77","","0.86%"
"25/06/2026","3,472.87","3,490.64","3,490.64","3,459.69","","0.08%"
"24/06/2026","3,470.24","3,474.09","3,490.73","3,462.26","","0.00%"
"23/06/2026","3,470.38","3,464.20","3,485.51","3,463.66","","-0.84%"
"22/06/2026","3,499.62","3,509.50","3,512.49","3,496.01","","-0.03%"
"18/06/2026","3,500.52","3,499.40","3,504.46","3,498.17","","0.39%"
"17/06/2026","3,486.77","3,495.18","3,496.27","3,480.62","","-0.21%"
"16/06/2026","3,494.08","3,495.63","3,496.34","3,493.44","","-0.01%"
"15/06/2026","3,494.46","3,493.25","3,495.05","3,492.78","","0.64%"
"12/06/2026","3,472.29","3,460.55","3,473.14","3,448.65","","0.51%"
"11/06/2026","3,454.52","3,425.89","3,460.82","3,410.48","","1.26%"
"10/06/2026","3,411.45","3,439.49","3,454.27","3,411.45","","-1.11%"
"09/06/2026","3,449.89","3,468.83","3,473.99","3,401.06","","-0.20%"
"08/06/2026","3,456.82","3,465.65","3,469.14","3,453.40","","0.31%"
"05/06/2026","3,446.15","3,477.80","3,478.83","3,439.10","","-1.08%"
"04/06/2026","3,483.64","3,475.54","3,484.30","3,475.42","","0.16%"
"03/06/2026","3,478.20","3,480.35","3,480.72","3,475.77","","-0.09%"
"02/06/2026","3,481.38","3,478.11","3,481.53","3,477.78","","0.07%"
"01/06/2026","3,478.84","3,474.36","3,480.52","3,474.36","","0.11%"
"29/05/2026","3,475.03","3,473.71","3,476.49","3,472.65","","0.07%"
"28/05/2026","3,472.58","3,464.55","3,473.06","3,463.42","","0.23%"
"27/05/2026","3,464.53","3,462.67","3,464.72","3,459.39","","0.10%"
"26/05/2026","3,461.21","3,460.41","3,462.88","3,457.25","","0.36%"
"22/05/2026","3,448.94","3,450.45","3,454.50","3,446.49","","0.16%"
"21/05/2026","3,443.50","3,431.15","3,445.46","3,430.09","","0.20%"
"20/05/2026","3,436.67","3,423.41","3,437.57","3,419.66","","0.51%"
"19/05/2026","3,419.21","3,420.89","3,427.06","3,413.06","","-0.29%"
"18/05/2026","3,429.16","3,429.44","3,432.58","3,415.54","","0.12%"
"15/05/2026","3,425.09","3,426.08","3,433.03","3,423.96","","-0.02%"
"14/05/2026","3,425.89","3,425.81","3,425.90","3,425.78","","0.02%"
"13/05/2026","3,425.33","3,425.12","3,425.34","3,425.02","","0.02%"
"12/05/2026","3,424.62","3,424.06","3,424.68","3,423.53","","0.03%"
"11/05/2026","3,423.76","3,423.33","3,423.86","3,423.33","","0.05%"
"08/05/2026","3,422.22","3,421.02","3,422.25","3,420.90","","0.08%"
"07/05/2026","3,419.52","3,419.76","3,420.43","3,417.79","","0.03%"
"06/05/2026","3,418.48","3,416.17","3,418.77","3,416.07","","0.20%"
"05/05/2026","3,411.71","3,408.97","3,412.70","3,408.71","","0.29%"
"04/05/2026","3,401.75","3,403.89","3,407.95","3,394.95","","-0.04%"
"02/05/2026","3,403.15","3,403.48","3,403.15","3,403.15","","0.00%"
"01/05/2026","3,403.15","3,403.48","3,407.86","3,403.00","","0.13%"
"30/04/2026","3,398.71","3,388.01","3,400.13","3,382.05","","0.50%"
"29/04/2026","3,381.75","3,378.56","3,382.62","3,373.60","","0.00%"
"28/04/2026","3,381.63","3,376.82","3,382.08","3,373.62","","-0.11%"
"27/04/2026","3,385.32","3,379.09","3,385.68","3,378.01","","0.21%"
"24/04/2026","3,378.16","3,370.75","3,379.89","3,367.58","","0.34%"
"23/04/2026","3,366.58","3,368.34","3,374.64","3,346.65","","-0.16%"
"22/04/2026","3,371.84","3,366.65","3,372.44","3,365.57","","0.60%"
"21/04/2026","3,351.61","3,365.63","3,369.84","3,346.66","","-0.38%"
"20/04/2026","3,364.30","3,364.83","3,366.75","3,356.61","","-0.06%"
"17/04/2026","3,366.47","3,368.05","3,370.89","3,363.60","","-0.09%"
"16/04/2026","3,369.58","3,369.57","3,369.60","3,369.43","","0.01%"
"15/04/2026","3,369.08","3,368.99","3,369.10","3,368.86","","0.02%"
"14/04/2026","3,368.47","3,368.45","3,368.47","3,368.18","","0.03%"
"13/04/2026","3,367.51","3,366.04","3,367.52","3,365.53","","0.08%"
"10/04/2026","3,364.74","3,364.95","3,365.23","3,362.99","","0.03%"
"09/04/2026","3,363.63","3,359.18","3,363.76","3,359.07","","0.16%"
"08/04/2026","3,358.24","3,359.30","3,360.33","3,353.61","","0.92%"
"07/04/2026","3,327.58","3,325.00","3,327.58","3,310.05","","-0.11%"
"06/04/2026","3,331.38","3,325.80","3,332.75","3,322.84","","0.35%"
"02/04/2026","3,319.65","3,291.62","3,319.81","3,287.32","","0.15%"
"01/04/2026","3,314.63","3,311.59","3,324.00","3,308.71","","0.44%"
"31/03/2026","3,299.95","3,266.99","3,303.86","3,261.67","","1.95%"
"30/03/2026","3,236.74","3,261.10","3,263.52","3,225.46","","0.04%"
"27/03/2026","3,235.31","3,260.46","3,263.91","3,231.63","","-1.10%"
"26/03/2026","3,271.20","3,288.63","3,296.68","3,270.78","","-0.93%"
"25/03/2026","3,301.88","3,306.62","3,309.78","3,293.87","","0.36%"
"24/03/2026","3,289.98","3,284.73","3,299.71","3,279.92","","-0.13%"
"23/03/2026","3,294.28","3,300.30","3,311.81","3,289.05","","0.71%"
"20/03/2026","3,271.04","3,285.82","3,288.45","3,257.71","","-0.65%"
"19/03/2026","3,292.28","3,271.15","3,306.78","3,270.90","","-0.27%"
"18/03/2026","3,301.17","3,334.36","3,341.54","3,300.08","","-1.41%"
"17/03/2026","3,348.46","3,356.51","3,364.96","3,344.83","","0.33%"
"16/03/2026","3,337.48","3,333.74","3,351.48","3,329.13","","1.04%"
"13/03/2026","3,303.10","3,338.18","3,348.27","3,298.55","","-0.48%"
"12/03/2026","3,318.93","3,339.58","3,343.29","3,318.80","","-1.31%"
"11/03/2026","3,363.10","3,367.56","3,375.19","3,349.43","","0.08%"
"10/03/2026","3,360.49","3,366.24","3,385.00","3,353.66","","-0.10%"
"09/03/2026","3,363.98","3,319.66","3,367.77","3,297.19","","0.90%"
"07/03/2026","3,333.94","3,335.29","3,333.94","3,333.94","","0.00%"
"06/03/2026","3,333.94","3,335.29","3,350.36","3,324.60","","-1.05%"
"05/03/2026","3,369.45","3,373.21","3,383.15","3,346.82","","-0.32%"
"04/03/2026","3,380.39","3,371.42","3,386.71","3,361.58","","0.56%"
"03/03/2026","3,361.70","3,346.56","3,370.08","3,320.40","","-0.52%"
"02/03/2026","3,379.20","3,356.70","3,386.85","3,356.70","","0.02%"
"27/02/2026","3,378.43","3,367.89","3,378.83","3,362.74","","-0.25%"
"26/02/2026","3,386.91","3,393.58","3,394.51","3,371.36","","-0.18%"
"25/02/2026","3,393.01","3,386.61","3,393.91","3,385.17","","0.49%"
"24/02/2026","3,376.60","3,358.26","3,379.04","3,353.10","","0.51%"
"23/02/2026","3,359.31","3,377.92","3,379.72","3,352.46","","-0.50%"
"20/02/2026","3,376.24","3,374.59","3,377.73","3,362.06","","-0.31%"
"19/02/2026","3,386.70","3,383.99","3,392.87","3,372.56","","-0.16%"
"18/02/2026","3,392.19","3,377.73","3,403.83","3,377.73","","0.50%"
"17/02/2026","3,375.44","3,364.49","3,383.68","3,341.27","","0.28%"
"13/02/2026","3,366.18","3,363.66","3,383.80","3,345.87","","0.15%"
"12/02/2026","3,361.16","3,402.41","3,404.61","3,357.68","","-1.01%"
"11/02/2026","3,395.46","3,405.31","3,405.60","3,386.21","","0.07%"
"10/02/2026","3,393.25","3,398.51","3,401.71","3,392.19","","-0.06%"
"09/02/2026","3,395.23","3,380.13","3,399.65","3,379.54","","0.35%"
"06/02/2026","3,383.30","3,351.84","3,387.89","3,351.79","","1.46%"
"05/02/2026","3,334.70","3,343.06","3,355.50","3,327.15","","-0.88%"
"04/02/2026","3,364.14","3,376.83","3,380.28","3,348.06","","-0.32%"
"03/02/2026","3,374.89","3,392.87","3,393.32","3,355.94","","-0.42%"
"02/02/2026","3,389.23","3,375.61","3,392.61","3,373.69","","0.39%"
"30/01/2026","3,376.11","3,377.74","3,382.30","3,363.11","","-0.12%"
"29/01/2026","3,380.12","3,384.02","3,384.51","3,353.82","","-0.06%"
"28/01/2026","3,382.18","3,385.80","3,386.20","3,379.36","","-0.01%"
"27/01/2026","3,382.58","3,380.11","3,384.68","3,378.81","","0.18%"
"26/01/2026","3,376.42","3,370.18","3,379.41","3,370.18","","0.31%"
"23/01/2026","3,366.07","3,363.16","3,370.63","3,360.27","","0.04%"
"22/01/2026","3,364.65","3,365.31","3,369.53","3,358.13","","0.38%"
"21/01/2026","3,352.00","3,334.46","3,360.36","3,327.08","","0.87%"
"20/01/2026","3,323.12","3,337.75","3,346.14","3,319.42","","-1.20%"
"16/01/2026","3,363.65","3,366.04","3,368.68","3,363.65","","-0.06%"
"15/01/2026","3,365.69","3,365.45","3,365.69","3,365.44","","0.03%"
"14/01/2026","3,364.53","3,363.50","3,364.53","3,361.26","","0.02%"
"13/01/2026","3,363.84","3,364.16","3,364.16","3,362.70","","0.01%"
"12/01/2026","3,363.35","3,361.09","3,363.41","3,361.09","","0.06%"
"09/01/2026","3,361.19","3,357.61","3,361.38","3,356.79","","0.16%"
"08/01/2026","3,355.77","3,354.58","3,356.78","3,353.05","","0.03%"
"07/01/2026","3,354.82","3,356.23","3,358.21","3,354.50","","-0.03%"
"06/01/2026","3,355.85","3,352.27","3,356.10","3,351.92","","0.15%"
"05/01/2026","3,350.93","3,348.93","3,352.36","3,348.01","","0.29%"
"02/01/2026","3,341.32","3,344.75","3,346.08","3,334.30","","0.16%"
"31/12/2025","3,336.14","3,344.86","3,344.86","3,335.92","","-0.23%"
"30/12/2025","3,343.91","3,344.03","3,346.06","3,343.07","","0.00%"
"29/12/2025","3,344.00","3,342.00","3,345.06","3,340.94","","0.00%"
"26/12/2025","3,344.03","3,342.25","3,344.35","3,341.70","","0.07%"
"24/12/2025","3,341.76","3,337.78","3,342.13","3,337.78","","0.12%"
"23/12/2025","3,337.70","3,333.36","3,338.17","3,332.27","","0.16%"
"22/12/2025","3,332.31","3,328.56","3,332.93","3,327.52","","0.37%"
"19/12/2025","3,320.16","3,317.44","3,320.73","3,317.44","","0.08%"
"18/12/2025","3,317.58","3,317.33","3,317.62","3,317.12","","0.04%"
"17/12/2025","3,316.10","3,316.84","3,316.90","3,316.10","","-0.01%"
"16/12/2025","3,316.50","3,316.16","3,316.60","3,315.69","","0.02%"
"15/12/2025","3,315.94","3,315.83","3,316.00","3,315.06","","0.05%"
"12/12/2025","3,314.18","3,314.71","3,314.81","3,311.58","","0.00%"
"11/12/2025","3,314.33","3,313.15","3,314.33","3,312.39","","0.04%"
"10/12/2025","3,312.88","3,310.82","3,313.13","3,310.34","","0.06%"
"09/12/2025","3,310.91","3,310.30","3,311.29","3,310.04","","0.03%"
"08/12/2025","3,310.05","3,310.35","3,310.43","3,309.09","","0.03%"
"06/12/2025","3,309.10","3,308.44","3,309.10","3,309.10","","0.00%"
"05/12/2025","3,309.10","3,308.44","3,309.36","3,307.99","","0.05%"
"04/12/2025","3,307.36","3,306.95","3,307.36","3,305.33","","0.05%"
"03/12/2025","3,305.71","3,302.21","3,306.22","3,301.96","","0.08%"
"02/12/2025","3,302.95","3,301.91","3,303.64","3,300.16","","0.09%"
"01/12/2025","3,299.87","3,297.48","3,302.00","3,297.28","","0.00%"
"28/11/2025","3,299.88","3,296.50","3,301.89","3,270.19","","0.16%"
"26/11/2025","3,294.57","3,292.23","3,296.04","3,291.09","","0.20%"
"25/11/2025","3,288.10","3,277.78","3,289.45","3,269.46","","0.35%"
"24/11/2025","3,276.52","3,263.96","3,278.29","3,261.63","","0.75%"
"21/11/2025","3,252.21","3,253.10","3,262.96","3,245.92","","0.47%"
"20/11/2025","3,236.94","3,274.71","3,275.20","3,234.14","","-0.63%"
"19/11/2025","3,257.59","3,249.41","3,264.18","3,247.63","","0.33%"
"18/11/2025","3,247.01","3,249.63","3,257.04","3,233.63","","-0.25%"
"17/11/2025","3,255.17","3,258.96","3,265.90","3,247.65","","-0.19%"
"14/11/2025","3,261.30","3,245.18","3,264.60","3,240.82","","0.09%"
"13/11/2025","3,258.35","3,267.41","3,268.01","3,255.30","","-0.32%"
"12/11/2025","3,268.72","3,268.97","3,269.22","3,266.84","","0.03%"
"11/11/2025","3,267.80","3,265.70","3,268.00","3,264.61","","0.09%"
"10/11/2025","3,264.75","3,261.11","3,265.37","3,259.25","","0.48%"
"07/11/2025","3,249.21","3,239.08","3,249.60","3,226.15","","0.11%"
"06/11/2025","3,245.59","3,254.21","3,255.30","3,241.92","","-0.30%"
"05/11/2025","3,255.22","3,250.04","3,258.46","3,248.83","","0.18%"
"04/11/2025","3,249.32","3,249.49","3,254.99","3,246.99","","-0.25%"
"03/11/2025","3,257.51","3,257.76","3,258.40","3,251.62","","0.15%"
"31/10/2025","3,252.47","3,255.94","3,255.94","3,247.62","","0.08%"
"30/10/2025","3,249.72","3,252.74","3,255.24","3,249.57","","-0.13%"
"29/10/2025","3,253.85","3,255.11","3,255.68","3,250.28","","-0.01%"
"28/10/2025","3,254.14","3,255.13","3,255.38","3,252.98","","0.02%"
"27/10/2025","3,253.39","3,252.21","3,253.59","3,251.31","","0.29%"
"24/10/2025","3,244.00","3,242.66","3,245.43","3,242.41","","0.25%"
"23/10/2025","3,235.79","3,227.45","3,237.68","3,226.73","","0.28%"
"22/10/2025","3,226.63","3,230.69","3,232.30","3,214.19","","-0.17%"
"21/10/2025","3,232.05","3,229.92","3,234.67","3,227.71","","0.07%"
"20/10/2025","3,229.89","3,220.77","3,230.83","3,220.77","","0.64%"
"17/10/2025","3,209.40","3,198.35","3,210.61","3,195.95","","0.36%"
"16/10/2025","3,197.92","3,206.21","3,208.22","3,184.49","","-0.12%"
"15/10/2025","3,201.78","3,202.80","3,206.45","3,184.25","","0.27%"
"14/10/2025","3,193.11","3,175.94","3,200.27","3,162.57","","-0.03%"
"13/10/2025","3,194.05","3,183.70","3,196.13","3,181.21","","1.23%"
"10/10/2025","3,155.34","3,202.04","3,204.58","3,153.57","","-1.41%"
"09/10/2025","3,200.46","3,202.37","3,202.51","3,197.22","","-0.02%"
"08/10/2025","3,201.13","3,196.39","3,201.28","3,195.64","","0.22%"
"07/10/2025","3,194.26","3,198.66","3,199.02","3,190.97","","-0.09%"
"06/10/2025","3,196.98","3,195.53","3,197.66","3,193.31","","0.20%"
"04/10/2025","3,190.48","3,191.23","3,190.48","3,190.48","","0.00%"
"03/10/2025","3,190.48","3,191.23","3,194.18","3,187.94","","0.06%"
"02/10/2025","3,188.59","3,190.07","3,190.79","3,184.58","","0.04%"
"01/10/2025","3,187.18","3,177.92","3,187.98","3,177.46","","0.16%"
"30/09/2025","3,182.24","3,177.02","3,183.16","3,174.55","","0.14%"
"29/09/2025","3,177.81","3,178.00","3,180.25","3,174.16","","0.20%"
"26/09/2025","3,171.41","3,162.48","3,171.72","3,159.39","","0.38%"
"25/09/2025","3,159.48","3,155.97","3,162.19","3,148.52","","-0.17%"
"24/09/2025","3,164.87","3,169.92","3,170.09","3,159.86","","-0.06%"
"23/09/2025","3,166.65","3,173.64","3,174.29","3,163.56","","-0.19%"
"22/09/2025","3,172.55","3,166.21","3,173.59","3,165.82","","0.20%"
"19/09/2025","3,166.32","3,162.06","3,167.52","3,162.06","","0.19%"
"18/09/2025","3,160.27","3,160.17","3,160.35","3,160.11","","0.03%"
"17/09/2025","3,159.17","3,158.23","3,159.27","3,156.88","","0.06%"
"16/09/2025","3,157.42","3,157.84","3,157.89","3,157.10","","0.01%"
"15/09/2025","3,157.08","3,157.47","3,157.47","3,156.20","","0.08%"
"12/09/2025","3,154.50","3,154.28","3,155.43","3,154.18","","0.03%"
"11/09/2025","3,153.64","3,150.85","3,153.84","3,150.12","","0.20%"
"10/09/2025","3,147.50","3,148.45","3,150.09","3,145.44","","0.09%"
"09/09/2025","3,144.68","3,141.69","3,145.25","3,138.80","","0.10%"
"08/09/2025","3,141.53","3,139.64","3,142.80","3,138.76","","0.17%"
"06/09/2025","3,136.10","3,141.52","3,136.10","3,136.10","","0.00%"
"05/09/2025","3,136.10","3,141.52","3,142.23","3,124.34","","0.00%"
"04/09/2025","3,136.25","3,126.92","3,136.45","3,125.30","","0.39%"
"03/09/2025","3,124.08","3,119.98","3,124.84","3,115.84","","0.34%"
"02/09/2025","3,113.59","3,100.04","3,113.64","3,095.36","","-0.31%"
"29/08/2025","3,123.14","3,128.68","3,129.15","3,117.93","","-0.24%"
"28/08/2025","3,130.80","3,128.98","3,131.65","3,123.81","","0.21%"
"27/08/2025","3,124.21","3,120.56","3,125.56","3,120.56","","0.08%"
"26/08/2025","3,121.62","3,114.17","3,122.23","3,113.04","","0.20%"
"25/08/2025","3,115.32","3,117.06","3,121.77","3,115.32","","-0.09%"
"22/08/2025","3,118.18","3,095.39","3,119.70","3,095.39","","0.91%"
"21/08/2025","3,090.10","3,089.64","3,097.53","3,084.03","","-0.26%"
"20/08/2025","3,098.19","3,101.21","3,101.21","3,082.07","","-0.14%"
"19/08/2025","3,102.46","3,110.13","3,112.58","3,098.76","","-0.24%"
"18/08/2025","3,109.89","3,108.50","3,111.07","3,106.78","","0.10%"
"15/08/2025","3,106.85","3,106.92","3,109.64","3,105.92","","0.01%"
"14/08/2025","3,106.42","3,106.20","3,106.42","3,106.17","","0.02%"
"13/08/2025","3,105.89","3,105.73","3,105.91","3,105.62","","0.03%"
"12/08/2025","3,104.96","3,103.66","3,104.98","3,101.93","","0.17%"
"11/08/2025","3,099.71","3,100.50","3,102.10","3,098.47","","0.02%"
"08/08/2025","3,099.04","3,095.36","3,099.26","3,094.30","","0.27%"
"07/08/2025","3,090.62","3,094.50","3,095.61","3,083.83","","0.03%"
"06/08/2025","3,089.83","3,080.15","3,090.74","3,079.46","","0.37%"
"05/08/2025","3,078.30","3,084.00","3,086.15","3,074.10","","-0.15%"
"04/08/2025","3,082.87","3,071.41","3,082.96","3,071.23","","0.96%"
"01/08/2025","3,053.65","3,063.78","3,063.97","3,043.82","","-0.85%"
"31/07/2025","3,079.95","3,089.59","3,090.65","3,076.94","","-0.10%"
"30/07/2025","3,083.17","3,083.68","3,086.75","3,076.69","","0.01%"
"29/07/2025","3,082.75","3,088.16","3,088.23","3,081.24","","-0.08%"
"28/07/2025","3,085.22","3,085.34","3,085.91","3,082.67","","0.09%"
"25/07/2025","3,082.35","3,079.17","3,082.60","3,078.87","","0.15%"
"24/07/2025","3,077.66","3,077.93","3,079.54","3,076.55","","0.07%"
"23/07/2025","3,075.47","3,068.85","3,075.47","3,066.72","","0.39%"
"22/07/2025","3,063.66","3,061.98","3,065.17","3,056.08","","0.05%"
"21/07/2025","3,062.08","3,062.11","3,067.47","3,061.17","","0.17%"
"18/07/2025","3,057.00","3,058.03","3,058.06","3,053.96","","-0.02%"
"17/07/2025","3,057.47","3,057.47","3,057.49","3,057.46","","0.01%"
"16/07/2025","3,057.04","3,056.98","3,057.04","3,055.98","","0.02%"
"15/07/2025","3,056.48","3,056.62","3,056.64","3,056.46","","0.01%"
"14/07/2025","3,056.12","3,055.88","3,056.17","3,055.88","","0.05%"
"11/07/2025","3,054.63","3,054.16","3,054.75","3,053.96","","0.02%"
"10/07/2025","3,054.16","3,053.93","3,054.16","3,053.71","","0.02%"
"09/07/2025","3,053.48","3,053.20","3,053.54","3,052.66","","0.05%"
"08/07/2025","3,051.83","3,051.29","3,052.12","3,051.17","","0.06%"
"07/07/2025","3,049.98","3,050.03","3,050.21","3,047.80","","0.05%"
"03/07/2025","3,048.45","3,048.22","3,048.60","3,047.66","","0.07%"
"02/07/2025","3,046.42","3,044.11","3,046.52","3,043.75","","0.07%"
"01/07/2025","3,044.31","3,042.98","3,045.01","3,042.44","","0.03%"
"30/06/2025","3,043.44","3,042.75","3,044.05","3,041.54","","0.12%"
"27/06/2025","3,039.81","3,038.35","3,040.35","3,035.48","","0.11%"
"26/06/2025","3,036.42","3,033.22","3,036.60","3,032.50","","0.20%"
"25/06/2025","3,030.24","3,030.26","3,030.88","3,027.29","","0.09%"
"24/06/2025","3,027.41","3,023.11","3,028.75","3,022.39","","0.46%"
"23/06/2025","3,013.44","3,000.68","3,014.16","2,992.73","","0.56%"
"20/06/2025","2,996.77","2,997.74","3,000.10","2,992.54","","0.03%"
"18/06/2025","2,995.78","2,991.88","2,997.00","2,991.24","","0.24%"
"17/06/2025","2,988.68","2,993.32","2,994.74","2,987.06","","-0.20%"
"16/06/2025","2,994.56","2,992.68","2,995.17","2,992.68","","0.44%"
"13/06/2025","2,981.47","2,984.86","2,989.07","2,978.07","","-0.29%"
"12/06/2025","2,990.21","2,986.97","2,990.29","2,985.80","","0.10%"
"11/06/2025","2,987.37","2,990.51","2,991.38","2,984.48","","-0.04%"
"10/06/2025","2,988.69","2,985.57","2,988.84","2,983.64","","0.17%"
"09/06/2025","2,983.76","2,982.62","2,985.74","2,981.03","","0.12%"
"06/06/2025","2,980.06","2,978.13","2,981.53","2,975.97","","0.50%"
"05/06/2025","2,965.34","2,974.17","2,976.58","2,961.44","","-0.17%"
"04/06/2025","2,970.49","2,971.38","2,973.08","2,968.00","","0.05%"
"03/06/2025","2,969.14","2,962.14","2,969.73","2,959.48","","0.31%"
"02/06/2025","2,959.91","2,949.61","2,959.91","2,940.10","","0.37%"
"30/05/2025","2,948.97","2,944.23","2,952.35","2,930.59","","-0.01%"
"29/05/2025","2,949.15","2,953.08","2,953.11","2,936.32","","0.23%"
"28/05/2025","2,942.50","2,951.36","2,953.49","2,940.63","","-0.24%"
"27/05/2025","2,949.55","2,934.46","2,949.55","2,929.11","","1.43%"
"23/05/2025","2,907.90","2,894.79","2,916.43","2,894.79","","-0.47%"
"22/05/2025","2,921.65","2,919.09","2,931.46","2,914.75","","0.07%"
"21/05/2025","2,919.64","2,937.07","2,945.64","2,915.61","","-0.88%"
"20/05/2025","2,945.64","2,946.25","2,947.77","2,937.65","","-0.08%"
"19/05/2025","2,947.92","2,934.05","2,948.32","2,933.28","","0.06%"
"16/05/2025","2,946.14","2,940.61","2,946.24","2,940.46","","0.19%"
"15/05/2025","2,940.44","2,940.44","2,940.45","2,940.42","","0.01%"
"14/05/2025","2,940.05","2,940.01","2,940.07","2,940.00","","0.02%"
"13/05/2025","2,939.59","2,939.64","2,939.68","2,939.58","","0.01%"
"12/05/2025","2,939.32","2,939.12","2,939.32","2,939.07","","0.07%"
"09/05/2025","2,937.29","2,936.79","2,937.39","2,936.58","","0.04%"
"08/05/2025","2,936.04","2,935.12","2,936.55","2,934.67","","0.08%"
"07/05/2025","2,933.82","2,931.67","2,934.27","2,929.97","","0.08%"
"06/05/2025","2,931.44","2,930.71","2,932.89","2,930.26","","-0.03%"
"05/05/2025","2,932.40","2,930.53","2,933.24","2,930.34","","0.08%"
"02/05/2025","2,930.08","2,928.94","2,930.89","2,927.99","","0.20%"
"01/05/2025","2,924.15","2,924.12","2,926.72","2,922.56","","0.11%"
"30/04/2025","2,920.96","2,908.45","2,920.96","2,900.43","","0.07%"
"29/04/2025","2,918.83","2,911.70","2,919.94","2,911.70","","0.18%"
"28/04/2025","2,913.57","2,914.21","2,915.63","2,904.29","","0.14%"
"25/04/2025","2,909.40","2,901.92","2,909.96","2,897.76","","0.32%"
"24/04/2025","2,900.20","2,884.65","2,901.38","2,883.28","","0.70%"
"23/04/2025","2,880.00","2,889.14","2,897.21","2,872.99","","0.79%"
"22/04/2025","2,857.32","2,836.31","2,862.34","2,836.31","","1.49%"
"21/04/2025","2,815.30","2,840.75","2,840.75","2,794.02","","-1.26%"
"17/04/2025","2,851.12","2,849.34","2,862.10","2,847.94","","0.52%"
"16/04/2025","2,836.32","2,873.01","2,885.46","2,807.63","","-2.27%"
"15/04/2025","2,902.31","2,911.02","2,929.94","2,897.25","","-0.14%"
"14/04/2025","2,906.41","2,926.90","2,931.04","2,881.57","","1.06%"
"11/04/2025","2,875.83","2,823.03","2,885.85","2,803.94","","1.73%"
"10/04/2025","2,826.79","2,869.24","2,870.87","2,747.35","","-3.03%"
"09/04/2025","2,914.98","2,667.72","2,928.24","2,660.67","","8.80%"
"08/04/2025","2,679.11","2,812.23","2,829.06","2,639.16","","-1.50%"
"07/04/2025","2,720.04","2,634.05","2,858.89","2,599.64","","-0.21%"
"04/04/2025","2,725.78","2,827.64","2,830.62","2,722.04","","-5.67%"
"03/04/2025","2,889.73","2,929.89","2,934.09","2,887.04","","-3.18%"
"02/04/2025","2,984.67","2,957.47","2,991.10","2,957.20","","0.32%"
"01/04/2025","2,975.28","2,962.84","2,979.77","2,952.60","","0.20%"
"31/03/2025","2,969.26","2,939.01","2,973.02","2,927.64","","0.40%"
"28/03/2025","2,957.33","2,983.84","2,985.50","2,953.81","","-1.01%"
"27/03/2025","2,987.43","2,987.14","2,994.69","2,981.46","","-0.08%"
"26/03/2025","2,989.77","3,000.92","3,002.24","2,985.41","","-0.37%"
"25/03/2025","3,000.73","3,000.06","3,001.05","2,997.56","","0.14%"
"24/03/2025","2,996.66","2,987.76","2,998.14","2,987.76","","0.75%"
"21/03/2025","2,974.28","2,960.62","2,975.65","2,959.68","","-0.36%"
"20/03/2025","2,985.13","2,970.87","3,010.72","2,969.66","","-0.23%"
"19/03/2025","2,992.13","2,969.57","3,012.45","2,965.14","","1.07%"
"18/03/2025","2,960.50","2,977.13","2,981.42","2,950.62","","-1.07%"
"17/03/2025","2,992.56","2,967.79","3,006.50","2,967.79","","0.79%"
"14/03/2025","2,969.09","2,935.01","2,974.65","2,932.67","","2.01%"
"13/03/2025","2,910.55","2,943.25","2,950.13","2,901.43","","-1.33%"
"12/03/2025","2,949.73","2,965.88","2,971.57","2,922.80","","0.48%"
"11/03/2025","2,935.73","2,954.44","2,970.14","2,914.17","","-0.81%"
"10/03/2025","2,959.60","2,998.76","3,004.74","2,932.87","","-2.58%"
"07/03/2025","3,037.97","3,016.10","3,104.06","2,984.69","","0.55%"
"06/03/2025","3,021.47","3,034.96","3,057.44","3,007.50","","-1.67%"
"05/03/2025","3,072.82","3,043.84","3,081.20","3,023.02","","1.02%"
"04/03/2025","3,041.88","3,053.55","3,082.70","3,018.48","","-1.09%"
"03/03/2025","3,075.29","3,125.75","3,131.07","3,055.78","","-1.35%"
"28/02/2025","3,117.24","3,078.82","3,138.17","3,067.12","","1.23%"
"27/02/2025","3,079.37","3,128.67","3,131.20","3,077.89","","-1.22%"
"26/02/2025","3,117.42","3,119.76","3,136.07","3,107.19","","0.03%"
"25/02/2025","3,116.41","3,126.58","3,129.08","3,097.25","","-0.33%"
"24/02/2025","3,126.68","3,142.78","3,145.28","3,122.01","","-0.25%"
"21/02/2025","3,134.48","3,154.64","3,155.67","3,132.01","","-0.62%"
"20/02/2025","3,154.14","3,153.99","3,154.14","3,152.98","","0.02%"
"19/02/2025","3,153.55","3,152.87","3,153.61","3,152.83","","0.02%"
"18/02/2025","3,152.78","3,151.77","3,152.78","3,151.19","","0.11%"
"14/02/2025","3,149.35","3,148.41","3,149.64","3,148.17","","0.07%"
"13/02/2025","3,147.23","3,141.23","3,147.39","3,139.08","","0.27%"
"12/02/2025","3,138.85","3,128.75","3,139.95","3,128.25","","-0.03%"
"11/02/2025","3,139.67","3,135.33","3,140.12","3,134.94","","0.07%"
"10/02/2025","3,137.63","3,134.16","3,138.44","3,132.29","","0.38%"
"07/02/2025","3,125.76","3,136.83","3,138.80","3,123.16","","-0.26%"
"06/02/2025","3,133.79","3,131.63","3,134.55","3,127.51","","0.17%"
"05/02/2025","3,128.48","3,119.86","3,128.48","3,114.79","","0.25%"
"04/02/2025","3,120.82","3,108.72","3,121.68","3,108.72","","0.45%"
"03/02/2025","3,106.91","3,095.01","3,113.28","3,084.96","","-0.31%"
"31/01/2025","3,116.43","3,127.86","3,131.25","3,114.19","","-0.20%"
"30/01/2025","3,122.80","3,121.22","3,125.92","3,115.04","","0.28%"
"29/01/2025","3,114.07","3,117.07","3,118.28","3,107.74","","-0.14%"
"28/01/2025","3,118.42","3,108.67","3,119.76","3,100.57","","0.41%"
"27/01/2025","3,105.54","3,096.42","3,107.23","3,096.42","","-0.57%"
"24/01/2025","3,123.26","3,125.21","3,126.07","3,121.39","","-0.04%"
"23/01/2025","3,124.40","3,119.27","3,124.40","3,119.06","","0.16%"
"22/01/2025","3,119.38","3,117.15","3,121.25","3,117.15","","0.21%"
"21/01/2025","3,112.98","3,106.12","3,113.08","3,102.38","","0.52%"
"17/01/2025","3,096.94","3,098.78","3,100.78","3,096.52","","-0.02%"
"16/01/2025","3,097.58","3,096.38","3,098.13","3,094.36","","0.10%"
"15/01/2025","3,094.40","3,086.45","3,095.53","3,084.80","","1.16%"
"14/01/2025","3,059.01","3,062.95","3,067.07","3,042.32","","0.15%"
"13/01/2025","3,054.48","3,030.02","3,055.01","3,028.00","","0.21%"
"10/01/2025","3,047.98","3,061.66","3,063.70","3,039.35","","-0.80%"
"08/01/2025","3,072.49","3,065.64","3,074.49","3,058.85","","0.12%"
"07/01/2025","3,068.88","3,085.21","3,085.26","3,062.48","","-0.42%"
"06/01/2025","3,081.70","3,081.78","3,086.53","3,078.69","","0.28%"
"03/01/2025","3,073.21","3,060.77","3,073.82","3,057.81","","0.71%"
"02/01/2025","3,051.55","3,064.72","3,067.82","3,037.61","","-0.13%"
"31/12/2024","3,055.40","3,063.65","3,064.64","3,050.26","","-0.10%"
"30/12/2024","3,058.57","3,054.42","3,065.71","3,046.36","","-0.36%"
"27/12/2024","3,069.50","3,072.54","3,072.65","3,058.47","","-0.27%"
"26/12/2024","3,077.86","3,075.68","3,078.93","3,072.45","","0.05%"
"24/12/2024","3,076.44","3,065.57","3,076.49","3,065.34","","0.43%"
"23/12/2024","3,063.15","3,054.59","3,064.14","3,043.67","","0.36%"
"20/12/2024","3,052.08","3,057.49","3,059.88","3,047.60","","-0.34%"
"19/12/2024","3,062.47","3,069.44","3,071.37","3,062.08","","0.44%"
"18/12/2024","3,049.03","3,074.06","3,074.40","3,049.03","","-0.80%"
"17/12/2024","3,073.59","3,073.21","3,073.68","3,073.16","","0.01%"
"16/12/2024","3,073.34","3,073.47","3,073.69","3,073.18","","0.04%"
"13/12/2024","3,072.03","3,072.05","3,072.23","3,071.27","","0.03%"
"12/12/2024","3,071.05","3,071.16","3,071.47","3,070.90","","0.01%"
"11/12/2024","3,070.78","3,069.89","3,070.81","3,069.89","","0.08%"
"10/12/2024","3,068.31","3,068.73","3,069.30","3,067.86","","0.00%"
"09/12/2024","3,068.22","3,068.95","3,069.08","3,067.80","","0.02%"
"06/12/2024","3,067.74","3,067.08","3,067.81","3,067.08","","0.06%"
"05/12/2024","3,065.84","3,065.76","3,066.34","3,065.58","","0.02%"
"04/12/2024","3,065.09","3,064.34","3,065.09","3,064.13","","0.07%"
"03/12/2024","3,062.86","3,061.86","3,063.15","3,061.23","","0.05%"
"02/12/2024","3,061.46","3,060.44","3,061.93","3,060.02","","0.10%"
"29/11/2024","3,058.39","3,055.14","3,058.81","3,055.14","","0.15%"
"27/11/2024","3,053.76","3,054.20","3,055.07","3,050.75","","-0.02%"
"26/11/2024","3,054.30","3,051.65","3,054.79","3,050.89","","0.16%"
"25/11/2024","3,049.47","3,049.28","3,051.54","3,044.68","","0.22%"
"22/11/2024","3,042.73","3,037.63","3,043.94","3,036.74","","0.22%"
"21/11/2024","3,035.99","3,036.18","3,038.22","3,022.49","","0.23%"
"20/11/2024","3,028.97","3,030.48","3,030.88","3,014.83","","-0.03%"
"19/11/2024","3,030.03","3,017.54","3,032.38","3,016.05","","0.09%"
"18/11/2024","3,027.27","3,020.07","3,029.36","3,019.34","","0.28%"
"15/11/2024","3,018.75","3,018.26","3,020.22","3,011.97","","0.03%"
"14/11/2024","3,017.77","3,017.83","3,017.87","3,017.61","","0.02%"
"13/11/2024","3,017.27","3,017.00","3,017.40","3,016.93","","0.03%"
"12/11/2024","3,016.38","3,016.16","3,016.42","3,015.50","","0.03%"
"11/11/2024","3,015.60","3,015.08","3,015.64","3,014.89","","0.08%"
"08/11/2024","3,013.33","3,012.40","3,013.64","3,012.35","","0.08%"
"07/11/2024","3,010.91","3,007.56","3,011.14","3,007.56","","0.24%"
"06/11/2024","3,003.83","2,997.89","3,004.83","2,991.83","","1.49%"
"05/11/2024","2,959.72","2,938.77","2,959.72","2,938.77","","0.88%"
"04/11/2024","2,933.80","2,937.39","2,942.24","2,925.70","","-0.06%"
"01/11/2024","2,935.67","2,936.03","2,950.55","2,934.09","","0.35%"
"31/10/2024","2,925.44","2,947.08","2,949.04","2,925.44","","-1.25%"
"30/10/2024","2,962.34","2,964.64","2,970.36","2,959.97","","-0.13%"
"29/10/2024","2,966.30","2,959.69","2,969.21","2,956.37","","0.11%"
"28/10/2024","2,963.01","2,966.13","2,968.14","2,962.59","","0.24%"
"25/10/2024","2,955.84","2,965.57","2,970.42","2,952.33","","-0.04%"
"24/10/2024","2,957.09","2,957.53","2,958.77","2,948.04","","0.16%"
"23/10/2024","2,952.23","2,962.49","2,962.83","2,940.54","","-0.48%"
"22/10/2024","2,966.43","2,959.23","2,968.47","2,958.22","","0.00%"
"21/10/2024","2,966.36","2,966.36","2,968.09","2,958.03","","0.00%"
"18/10/2024","2,966.27","2,964.90","2,967.81","2,964.46","","0.06%"
"17/10/2024","2,964.42","2,964.35","2,964.44","2,964.27","","0.02%"
"16/10/2024","2,963.83","2,963.23","2,963.85","2,963.13","","0.04%"
"15/10/2024","2,962.77","2,962.81","2,963.01","2,962.15","","0.02%"
"14/10/2024","2,962.20","2,961.15","2,962.29","2,961.15","","0.13%"
"11/10/2024","2,958.45","2,955.33","2,959.18","2,955.33","","0.14%"
"10/10/2024","2,954.20","2,952.11","2,954.67","2,951.36","","0.07%"
"09/10/2024","2,952.19","2,946.11","2,952.84","2,946.11","","0.24%"
"08/10/2024","2,945.14","2,939.28","2,946.19","2,938.02","","0.44%"
"07/10/2024","2,932.36","2,940.18","2,941.85","2,928.82","","-0.32%"
"04/10/2024","2,941.77","2,937.91","2,942.39","2,930.63","","0.49%"
"03/10/2024","2,927.47","2,927.24","2,932.71","2,921.73","","-0.08%"
"02/10/2024","2,929.74","2,924.21","2,931.30","2,919.31","","0.08%"
"01/10/2024","2,927.44","2,937.19","2,937.19","2,919.85","","-0.41%"
"30/09/2024","2,939.43","2,932.36","2,939.51","2,927.77","","0.25%"
"27/09/2024","2,932.20","2,936.97","2,938.51","2,931.31","","-0.10%"
"26/09/2024","2,935.06","2,936.81","2,937.33","2,930.66","","0.15%"
"25/09/2024","2,930.71","2,933.00","2,933.18","2,928.23","","-0.05%"
"24/09/2024","2,932.03","2,928.56","2,932.03","2,922.85","","0.16%"
"23/09/2024","2,927.36","2,924.44","2,927.96","2,923.61","","0.24%"
"20/09/2024","2,920.34","2,918.38","2,923.57","2,916.53","","0.08%"
"19/09/2024","2,918.14","2,917.79","2,918.14","2,917.68","","0.10%"
"18/09/2024","2,915.19","2,912.58","2,916.41","2,911.08","","0.09%"
"17/09/2024","2,912.69","2,913.62","2,914.41","2,910.06","","0.03%"
"16/09/2024","2,911.94","2,910.04","2,912.09","2,907.98","","0.10%"
"13/09/2024","2,909.03","2,903.88","2,909.40","2,903.88","","0.18%"
"12/09/2024","2,903.84","2,893.18","2,903.84","2,888.66","","0.41%"
"11/09/2024","2,891.89","2,873.81","2,894.05","2,843.44","","0.54%"
"10/09/2024","2,876.27","2,873.98","2,876.27","2,856.06","","0.32%"
"09/09/2024","2,867.20","2,859.08","2,871.74","2,853.35","","0.93%"
"06/09/2024","2,840.81","2,877.15","2,878.92","2,837.19","","-1.06%"
"05/09/2024","2,871.11","2,873.83","2,881.30","2,862.83","","-0.04%"
"04/09/2024","2,872.12","2,869.72","2,882.18","2,867.77","","-0.10%"
"03/09/2024","2,875.01","2,893.43","2,893.61","2,866.96","","-0.72%"
"30/08/2024","2,895.99","2,891.80","2,896.55","2,886.41","","0.31%"
"29/08/2024","2,887.14","2,888.82","2,894.39","2,885.05","","0.12%"
"28/08/2024","2,883.58","2,889.81","2,889.81","2,875.95","","-0.21%"
"27/08/2024","2,889.74","2,884.38","2,890.21","2,882.82","","0.09%"
"26/08/2024","2,887.11","2,889.32","2,889.96","2,883.36","","0.05%"
"23/08/2024","2,885.79","2,879.59","2,886.66","2,877.05","","0.42%"
"22/08/2024","2,873.76","2,885.35","2,885.48","2,870.59","","-0.27%"
"21/08/2024","2,881.56","2,880.21","2,883.22","2,875.83","","0.11%"
"20/08/2024","2,878.53","2,880.90","2,883.17","2,876.29","","-0.11%"
"19/08/2024","2,881.63","2,871.62","2,881.63","2,871.17","","0.42%"
"16/08/2024","2,869.59","2,868.09","2,871.07","2,867.64","","0.14%"
"15/08/2024","2,865.59","2,855.24","2,865.59","2,852.30","","1.29%"
"14/08/2024","2,828.96","2,824.19","2,833.84","2,810.48","","0.38%"
"13/08/2024","2,818.39","2,793.06","2,819.25","2,790.72","","1.57%"
"12/08/2024","2,774.86","2,780.46","2,786.95","2,763.12","","0.11%"
"09/08/2024","2,771.75","2,754.80","2,779.25","2,748.86","","0.47%"
"08/08/2024","2,758.90","2,727.02","2,762.22","2,715.42","","2.24%"
"07/08/2024","2,698.54","2,749.23","2,763.51","2,695.71","","-0.67%"
"06/08/2024","2,716.73","2,701.62","2,754.42","2,694.75","","0.94%"
"05/08/2024","2,691.47","2,657.52","2,720.62","2,657.49","","-2.65%"
"02/08/2024","2,764.86","2,775.79","2,781.21","2,742.77","","-1.47%"
"01/08/2024","2,805.97","2,834.47","2,838.78","2,791.70","","-0.80%"
"31/07/2024","2,828.47","2,822.94","2,835.87","2,820.40","","0.96%"
"30/07/2024","2,801.60","2,815.23","2,819.10","2,787.43","","-0.34%"
"29/07/2024","2,811.25","2,812.06","2,818.03","2,803.80","","0.13%"
"26/07/2024","2,807.61","2,797.46","2,815.19","2,797.04","","0.82%"
"25/07/2024","2,784.68","2,795.01","2,815.70","2,780.50","","-0.36%"
"24/07/2024","2,794.62","2,820.94","2,821.28","2,791.95","","-1.30%"
"23/07/2024","2,831.42","2,832.17","2,836.51","2,830.51","","-0.02%"
"22/07/2024","2,831.91","2,825.47","2,832.92","2,823.16","","0.58%"
"19/07/2024","2,815.47","2,820.01","2,821.07","2,811.55","","-0.03%"
"18/07/2024","2,816.42","2,816.66","2,816.75","2,815.94","","0.01%"
"17/07/2024","2,816.17","2,816.01","2,816.18","2,815.77","","0.01%"
"16/07/2024","2,815.84","2,815.69","2,815.84","2,815.67","","0.02%"
"15/07/2024","2,815.22","2,815.03","2,815.26","2,815.00","","0.05%"
"12/07/2024","2,813.75","2,813.06","2,814.00","2,813.02","","0.06%"
"11/07/2024","2,811.97","2,812.63","2,812.82","2,810.97","","0.01%"
"10/07/2024","2,811.74","2,811.05","2,811.92","2,810.87","","0.06%"
"09/07/2024","2,810.12","2,809.78","2,810.58","2,809.60","","0.05%"
"08/07/2024","2,808.83","2,808.26","2,809.01","2,807.88","","0.09%"
"05/07/2024","2,806.28","2,803.21","2,806.53","2,802.70","","0.16%"
"03/07/2024","2,801.79","2,798.73","2,802.18","2,798.60","","0.13%"
"02/07/2024","2,798.03","2,787.45","2,798.03","2,787.37","","0.26%"
"01/07/2024","2,790.77","2,788.71","2,791.52","2,781.58","","0.24%"
"28/06/2024","2,784.20","2,788.30","2,794.22","2,781.11","","-0.14%"
"27/06/2024","2,788.09","2,785.49","2,788.27","2,783.69","","0.11%"
"26/06/2024","2,784.95","2,778.56","2,786.39","2,778.00","","0.12%"
"25/06/2024","2,781.63","2,778.38","2,782.45","2,775.86","","0.21%"
"24/06/2024","2,775.73","2,777.38","2,783.33","2,775.27","","-0.04%"
"21/06/2024","2,776.76","2,778.90","2,779.21","2,774.55","","-0.06%"
"20/06/2024","2,778.49","2,778.49","2,778.54","2,778.42","","0.03%"
"18/06/2024","2,777.62","2,777.45","2,777.62","2,777.38","","0.02%"
"17/06/2024","2,776.95","2,776.15","2,776.95","2,776.10","","0.06%"
"14/06/2024","2,775.15","2,774.28","2,775.15","2,773.89","","0.02%"
"13/06/2024","2,774.70","2,774.31","2,774.85","2,773.06","","0.04%"
"12/06/2024","2,773.47","2,772.29","2,773.95","2,772.24","","0.21%"
"11/06/2024","2,767.79","2,762.76","2,767.79","2,759.51","","0.08%"
"10/06/2024","2,765.44","2,760.65","2,765.73","2,759.94","","0.15%"
"07/06/2024","2,761.26","2,757.43","2,764.43","2,756.88","","0.03%"
"06/06/2024","2,760.33","2,759.46","2,760.33","2,756.24","","0.07%"
"05/06/2024","2,758.51","2,750.17","2,758.51","2,746.66","","0.49%"
"04/06/2024","2,745.10","2,739.67","2,746.56","2,734.58","","0.06%"
"03/06/2024","2,743.40","2,745.95","2,747.15","2,726.89","","0.08%"
"31/05/2024","2,741.13","2,729.63","2,741.29","2,710.15","","0.55%"
"30/05/2024","2,726.26","2,731.45","2,734.49","2,721.25","","-0.35%"
"29/05/2024","2,735.81","2,735.08","2,739.04","2,733.35","","-0.36%"
"28/05/2024","2,745.76","2,746.39","2,746.97","2,738.45","","0.10%"
"24/05/2024","2,743.11","2,737.76","2,744.19","2,735.72","","0.41%"
"23/05/2024","2,732.01","2,747.56","2,747.56","2,728.18","","-0.33%"
"22/05/2024","2,740.99","2,743.01","2,744.21","2,735.77","","-0.11%"
"21/05/2024","2,744.12","2,738.09","2,744.28","2,737.96","","0.15%"
"20/05/2024","2,739.94","2,738.87","2,742.20","2,737.53","","0.12%"
"17/05/2024","2,736.60","2,734.74","2,736.76","2,731.62","","0.12%"
"16/05/2024","2,733.39","2,733.37","2,733.41","2,733.36","","0.02%"
"15/05/2024","2,732.96","2,732.91","2,732.97","2,732.91","","0.02%"
"14/05/2024","2,732.42","2,732.42","2,732.48","2,732.40","","0.01%"
"13/05/2024","2,732.05","2,731.89","2,732.05","2,731.83","","0.05%"
"10/05/2024","2,730.69","2,730.51","2,730.69","2,730.42","","0.02%"
"09/05/2024","2,730.03","2,729.50","2,730.03","2,729.29","","0.04%"
"08/05/2024","2,729.00","2,727.81","2,729.07","2,727.76","","0.04%"
"07/05/2024","2,727.99","2,727.66","2,728.15","2,727.41","","0.04%"
"06/05/2024","2,726.96","2,725.29","2,726.96","2,725.21","","0.17%"
"03/05/2024","2,722.34","2,721.03","2,722.59","2,718.49","","0.40%"
"02/05/2024","2,711.53","2,709.04","2,712.46","2,698.05","","0.40%"
"01/05/2024","2,700.77","2,702.11","2,715.01","2,698.06","","-0.04%"
"30/04/2024","2,701.79","2,713.33","2,715.00","2,701.79","","-0.49%"
"29/04/2024","2,715.14","2,714.13","2,715.36","2,711.15","","0.18%"
"26/04/2024","2,710.18","2,705.94","2,711.93","2,705.06","","0.38%"
"25/04/2024","2,699.80","2,689.55","2,701.30","2,684.02","","-0.14%"
"24/04/2024","2,703.47","2,704.27","2,705.99","2,698.31","","0.04%"
"23/04/2024","2,702.28","2,693.48","2,703.07","2,693.07","","0.51%"
"22/04/2024","2,688.60","2,681.08","2,693.96","2,675.45","","0.69%"
"19/04/2024","2,670.21","2,675.54","2,679.26","2,666.46","","-0.21%"
"18/04/2024","2,675.82","2,689.41","2,700.01","2,670.98","","-0.23%"
"17/04/2024","2,681.90","2,705.59","2,708.26","2,674.75","","-0.49%"
"16/04/2024","2,695.10","2,699.00","2,707.03","2,689.14","","-0.05%"
"15/04/2024","2,696.54","2,727.62","2,728.77","2,692.85","","-0.66%"
"12/04/2024","2,714.59","2,721.03","2,723.64","2,706.39","","-0.52%"
"11/04/2024","2,728.69","2,722.60","2,729.81","2,714.91","","0.32%"
"10/04/2024","2,719.99","2,717.64","2,723.73","2,714.57","","-0.27%"
"09/04/2024","2,727.41","2,727.65","2,728.11","2,716.57","","0.08%"
"08/04/2024","2,725.30","2,723.67","2,726.50","2,722.04","","0.19%"
"05/04/2024","2,720.20","2,713.02","2,723.06","2,712.73","","0.41%"
"04/04/2024","2,709.09","2,727.01","2,727.81","2,707.41","","-0.49%"
"03/04/2024","2,722.47","2,718.92","2,724.00","2,718.92","","0.06%"
"02/04/2024","2,720.74","2,719.46","2,720.74","2,715.48","","-0.13%"
"01/04/2024","2,724.26","2,724.96","2,725.81","2,722.61","","0.06%"
"28/03/2024","2,722.64","2,722.75","2,723.81","2,722.53","","0.00%"
"27/03/2024","2,722.61","2,720.50","2,722.61","2,718.13","","0.23%"
"26/03/2024","2,716.47","2,718.82","2,719.95","2,716.34","","-0.02%"
"25/03/2024","2,716.98","2,716.34","2,718.18","2,716.07","","0.04%"
"22/03/2024","2,716.00","2,716.45","2,717.92","2,715.60","","0.00%"
"21/03/2024","2,716.05","2,716.99","2,717.71","2,715.79","","0.11%"
"20/03/2024","2,713.17","2,704.46","2,713.41","2,703.72","","0.32%"
"19/03/2024","2,704.47","2,695.33","2,704.68","2,693.95","","0.26%"
"18/03/2024","2,697.34","2,699.18","2,701.64","2,696.43","","0.34%"
"15/03/2024","2,688.13","2,687.30","2,689.84","2,682.90","","0.01%"
"14/03/2024","2,687.84","2,687.97","2,687.99","2,687.39","","0.01%"
"13/03/2024","2,687.55","2,687.44","2,687.55","2,687.26","","0.02%"
"12/03/2024","2,686.94","2,686.27","2,686.94","2,685.12","","0.12%"
"11/03/2024","2,683.84","2,683.19","2,684.16","2,680.94","","0.06%"
"08/03/2024","2,682.15","2,683.62","2,684.23","2,680.65","","-0.02%"
"07/03/2024","2,682.56","2,681.09","2,682.80","2,680.66","","0.16%"
"06/03/2024","2,678.39","2,679.17","2,680.18","2,676.19","","0.14%"
"05/03/2024","2,674.73","2,678.48","2,678.96","2,670.79","","-0.19%"
"04/03/2024","2,679.72","2,679.45","2,680.82","2,679.40","","0.05%"
"01/03/2024","2,678.36","2,675.41","2,678.49","2,674.60","","0.19%"
"29/02/2024","2,673.17","2,673.22","2,675.12","2,669.09","","0.11%"
"28/02/2024","2,670.25","2,668.73","2,671.14","2,668.00","","-0.02%"
"27/02/2024","2,670.67","2,669.24","2,670.88","2,666.94","","0.10%"
"26/02/2024","2,667.89","2,669.95","2,670.41","2,667.22","","0.00%"
"23/02/2024","2,667.92","2,668.67","2,669.23","2,665.64","","0.11%"
"22/02/2024","2,664.93","2,658.25","2,666.10","2,657.85","","0.84%"
"21/02/2024","2,642.74","2,636.15","2,643.01","2,630.68","","0.09%"
"20/02/2024","2,640.26","2,642.99","2,644.23","2,632.24","","-0.19%"
"16/02/2024","2,645.31","2,651.88","2,652.79","2,643.78","","-0.22%"
"15/02/2024","2,651.22","2,651.23","2,651.26","2,651.21","","0.02%"
"14/02/2024","2,650.73","2,650.50","2,650.73","2,650.36","","0.04%"
"13/02/2024","2,649.70","2,649.72","2,649.96","2,648.38","","0.00%"
"12/02/2024","2,649.73","2,649.68","2,649.76","2,649.62","","0.05%"
"09/02/2024","2,648.43","2,648.43","2,648.57","2,648.35","","0.02%"
"08/02/2024","2,648.01","2,647.78","2,648.03","2,647.76","","0.02%"
"07/02/2024","2,647.38","2,646.95","2,647.38","2,646.78","","0.05%"
"06/02/2024","2,646.16","2,645.49","2,646.16","2,644.80","","0.07%"
"05/02/2024","2,644.41","2,643.97","2,644.99","2,642.51","","0.06%"
"02/02/2024","2,642.72","2,640.04","2,643.28","2,639.51","","0.15%"
"01/02/2024","2,638.88","2,634.54","2,638.93","2,631.91","","0.35%"
"31/01/2024","2,629.72","2,638.49","2,638.74","2,629.72","","-0.36%"
"30/01/2024","2,639.15","2,638.54","2,639.37","2,638.27","","0.03%"
"29/01/2024","2,638.29","2,634.64","2,638.29","2,634.34","","0.18%"
"26/01/2024","2,633.53","2,632.82","2,634.50","2,632.32","","0.03%"
"25/01/2024","2,632.76","2,631.93","2,632.98","2,629.80","","0.12%"
"24/01/2024","2,629.66","2,632.73","2,633.64","2,629.52","","0.01%"
"23/01/2024","2,629.30","2,626.76","2,629.49","2,625.43","","0.15%"
"22/01/2024","2,625.40","2,624.71","2,626.01","2,623.24","","0.17%"
"19/01/2024","2,620.86","2,613.48","2,620.86","2,612.15","","0.33%"
"18/01/2024","2,612.14","2,610.79","2,612.17","2,610.22","","0.15%"
"17/01/2024","2,608.20","2,605.13","2,608.56","2,601.95","","-0.04%"
"16/01/2024","2,609.37","2,608.40","2,609.68","2,606.19","","0.07%"
"12/01/2024","2,607.51","2,607.42","2,607.84","2,605.24","","0.06%"
"11/01/2024","2,606.02","2,606.46","2,606.68","2,598.85","","0.05%"
"10/01/2024","2,604.69","2,602.15","2,605.19","2,601.51","","0.15%"
"09/01/2024","2,600.68","2,595.89","2,601.73","2,594.59","","0.02%"
"08/01/2024","2,600.08","2,586.05","2,600.16","2,582.56","","0.67%"
"05/01/2024","2,582.66","2,580.11","2,588.91","2,577.89","","0.15%"
"04/01/2024","2,578.70","2,580.89","2,588.22","2,577.62","","-0.13%"
"03/01/2024","2,582.08","2,586.07","2,588.70","2,580.31","","-0.34%"
"02/01/2024","2,590.81","2,588.70","2,591.91","2,585.58","","-0.08%"
"29/12/2023","2,592.76","2,593.59","2,593.98","2,588.00","","-0.01%"
"28/12/2023","2,592.94","2,592.94","2,593.79","2,592.30","","0.02%"
"27/12/2023","2,592.50","2,589.26","2,592.50","2,589.07","","0.13%"
"26/12/2023","2,589.04","2,584.97","2,590.07","2,584.81","","0.27%"
"22/12/2023","2,582.09","2,581.23","2,583.31","2,577.33","","0.14%"
"21/12/2023","2,578.55","2,577.31","2,579.05","2,568.42","","0.41%"
"20/12/2023","2,567.93","2,582.32","2,585.01","2,567.63","","-0.59%"
"19/12/2023","2,583.05","2,579.67","2,583.05","2,579.59","","0.20%"
"18/12/2023","2,577.82","2,576.13","2,579.59","2,575.69","","0.26%"
"15/12/2023","2,571.14","2,573.11","2,573.85","2,568.82","","-0.05%"
"14/12/2023","2,572.48","2,572.59","2,572.59","2,571.42","","0.02%"
"13/12/2023","2,572.02","2,571.92","2,572.06","2,569.53","","0.02%"
"12/12/2023","2,571.55","2,571.11","2,571.55","2,571.01","","0.04%"
"11/12/2023","2,570.63","2,569.43","2,570.63","2,569.40","","0.10%"
"08/12/2023","2,568.19","2,566.02","2,568.44","2,565.56","","0.13%"
"07/12/2023","2,564.81","2,563.44","2,565.24","2,562.73","","0.17%"
"06/12/2023","2,560.41","2,564.32","2,564.40","2,559.75","","-0.06%"
"05/12/2023","2,561.97","2,559.54","2,562.54","2,558.69","","0.04%"
"04/12/2023","2,560.85","2,558.77","2,561.25","2,556.82","","-0.02%"
"01/12/2023","2,561.26","2,556.66","2,561.43","2,556.12","","0.16%"
"30/11/2023","2,557.14","2,554.92","2,557.54","2,551.98","","0.14%"
"29/11/2023","2,553.57","2,557.74","2,558.68","2,553.23","","-0.05%"
"28/11/2023","2,554.73","2,552.76","2,556.25","2,552.05","","0.05%"
"27/11/2023","2,553.44","2,553.30","2,554.61","2,551.79","","0.05%"
"24/11/2023","2,552.26","2,550.17","2,552.31","2,550.09","","0.11%"
"22/11/2023","2,549.53","2,549.70","2,550.76","2,547.25","","0.17%"
"21/11/2023","2,545.19","2,543.99","2,545.93","2,541.90","","-0.03%"
"20/11/2023","2,546.07","2,538.39","2,547.12","2,538.39","","0.38%"
"17/11/2023","2,536.49","2,535.49","2,538.03","2,534.94","","0.09%"
"16/11/2023","2,534.33","2,534.30","2,534.36","2,534.30","","0.02%"
"15/11/2023","2,533.83","2,533.80","2,533.83","2,533.73","","0.02%"
"14/11/2023","2,533.31","2,533.40","2,533.46","2,533.28","","0.02%"
"13/11/2023","2,532.75","2,532.51","2,532.83","2,532.45","","0.06%"
"10/11/2023","2,531.33","2,530.01","2,531.36","2,529.65","","0.12%"
"09/11/2023","2,528.32","2,529.94","2,530.03","2,528.02","","-0.04%"
"08/11/2023","2,529.32","2,528.93","2,529.44","2,527.74","","0.05%"
"07/11/2023","2,528.05","2,527.06","2,528.23","2,526.58","","0.06%"
"06/11/2023","2,526.57","2,525.97","2,526.57","2,524.71","","0.13%"
"03/11/2023","2,523.32","2,521.02","2,524.04","2,520.69","","0.23%"
"02/11/2023","2,517.47","2,509.63","2,517.59","2,509.63","","0.72%"
"01/11/2023","2,499.35","2,486.00","2,500.94","2,484.66","","0.68%"
"31/10/2023","2,482.46","2,471.08","2,483.74","2,465.64","","0.52%"
"30/10/2023","2,469.72","2,461.70","2,473.88","2,454.82","","0.97%"
"27/10/2023","2,446.01","2,460.82","2,462.77","2,438.64","","-0.27%"
"26/10/2023","2,452.73","2,466.49","2,469.51","2,447.34","","-0.71%"
"25/10/2023","2,470.34","2,483.63","2,483.63","2,467.02","","-0.68%"
"24/10/2023","2,487.35","2,485.26","2,489.90","2,478.31","","0.45%"
"23/10/2023","2,476.26","2,472.34","2,487.88","2,465.55","","0.10%"
"20/10/2023","2,473.86","2,479.51","2,483.52","2,473.68","","-0.13%"
"19/10/2023","2,477.16","2,504.36","2,514.06","2,473.25","","-0.90%"
"18/10/2023","2,499.57","2,522.92","2,527.96","2,493.20","","-1.31%"
"17/10/2023","2,532.82","2,516.25","2,543.54","2,513.41","","0.02%"
"16/10/2023","2,532.26","2,519.03","2,537.56","2,519.03","","1.04%"
"13/10/2023","2,506.21","2,529.06","2,532.04","2,496.51","","-0.47%"
"12/10/2023","2,518.05","2,533.08","2,536.41","2,504.55","","-0.53%"
"11/10/2023","2,531.46","2,529.14","2,531.77","2,514.19","","0.43%"
"10/10/2023","2,520.65","2,510.71","2,532.99","2,509.06","","0.50%"
"09/10/2023","2,508.07","2,483.54","2,510.91","2,480.09","","0.66%"
"06/10/2023","2,491.61","2,450.94","2,499.89","2,442.89","","1.11%"
"05/10/2023","2,464.35","2,463.39","2,469.36","2,445.46","","-0.05%"
"04/10/2023","2,465.53","2,454.23","2,470.10","2,443.05","","0.67%"
"03/10/2023","2,449.10","2,469.17","2,476.18","2,440.64","","-1.26%"
"02/10/2023","2,480.35","2,474.70","2,486.37","2,464.68","","0.05%"
"29/09/2023","2,479.18","2,498.73","2,500.96","2,471.70","","-0.16%"
"28/09/2023","2,483.20","2,466.60","2,491.77","2,465.30","","0.54%"
"27/09/2023","2,469.75","2,477.43","2,478.96","2,451.42","","0.00%"
"26/09/2023","2,469.63","2,486.93","2,488.95","2,465.23","","-1.24%"
"25/09/2023","2,500.56","2,486.37","2,500.65","2,483.71","","0.44%"
"22/09/2023","2,489.63","2,498.09","2,507.88","2,488.62","","-0.17%"
"21/09/2023","2,493.80","2,512.80","2,513.87","2,493.31","","-1.19%"
"20/09/2023","2,523.80","2,539.59","2,541.79","2,523.37","","-0.51%"
"19/09/2023","2,536.80","2,536.42","2,538.31","2,527.88","","-0.07%"
"18/09/2023","2,538.59","2,536.54","2,542.16","2,534.91","","0.09%"
"15/09/2023","2,536.32","2,541.39","2,541.85","2,535.31","","-0.16%"
"14/09/2023","2,540.42","2,540.38","2,540.45","2,540.38","","0.02%"
"13/09/2023","2,539.98","2,539.70","2,539.98","2,539.70","","0.04%"
"12/09/2023","2,539.00","2,538.96","2,539.22","2,538.78","","0.01%"
"11/09/2023","2,538.84","2,538.51","2,538.84","2,538.22","","0.09%"
"08/09/2023","2,536.45","2,535.57","2,536.96","2,535.57","","0.07%"
"07/09/2023","2,534.67","2,531.81","2,534.91","2,531.20","","0.01%"
"06/09/2023","2,534.30","2,534.68","2,534.91","2,531.35","","-0.02%"
"05/09/2023","2,534.71","2,534.71","2,535.18","2,534.24","","0.05%"
"01/09/2023","2,533.33","2,533.44","2,533.62","2,532.80","","0.05%"
"31/08/2023","2,532.05","2,531.90","2,532.48","2,531.55","","0.04%"
"30/08/2023","2,531.15","2,529.86","2,531.20","2,529.34","","0.09%"
"29/08/2023","2,528.85","2,522.46","2,528.90","2,522.19","","0.29%"
"28/08/2023","2,521.64","2,519.05","2,522.67","2,517.97","","0.30%"
"25/08/2023","2,514.01","2,509.70","2,516.26","2,500.74","","0.36%"
"24/08/2023","2,504.92","2,518.51","2,519.30","2,504.39","","-0.41%"
"23/08/2023","2,515.22","2,508.83","2,516.07","2,508.10","","0.42%"
"22/08/2023","2,504.72","2,509.27","2,509.27","2,502.77","","-0.02%"
"21/08/2023","2,505.14","2,500.50","2,507.70","2,495.60","","0.37%"
"18/08/2023","2,496.02","2,495.11","2,498.85","2,491.15","","-0.73%"
"17/08/2023","2,514.50","2,543.07","2,543.07","2,511.05","","-0.77%"
"16/08/2023","2,533.92","2,551.35","2,560.27","2,533.20","","-0.75%"
"15/08/2023","2,553.10","2,571.86","2,572.61","2,549.51","","-1.04%"
"14/08/2023","2,579.91","2,562.28","2,579.91","2,560.35","","0.58%"
"11/08/2023","2,565.04","2,554.94","2,569.55","2,552.90","","-0.01%"
"10/08/2023","2,565.38","2,575.94","2,587.85","2,558.36","","0.06%"
"09/08/2023","2,563.88","2,576.54","2,577.46","2,559.48","","-0.46%"
"08/08/2023","2,575.82","2,572.54","2,577.49","2,559.85","","-0.25%"
"07/08/2023","2,582.15","2,575.50","2,582.55","2,570.53","","0.72%"
"04/08/2023","2,563.79","2,578.40","2,586.14","2,561.37","","-0.21%"
"03/08/2023","2,569.08","2,566.90","2,577.37","2,563.50","","-0.18%"
"02/08/2023","2,573.66","2,582.69","2,582.89","2,570.58","","-0.66%"
"01/08/2023","2,590.63","2,589.45","2,591.69","2,588.12","","-0.09%"
"31/07/2023","2,592.87","2,590.63","2,592.87","2,588.93","","0.17%"
"28/07/2023","2,588.55","2,586.94","2,589.39","2,584.24","","0.45%"
"27/07/2023","2,576.87","2,590.62","2,591.49","2,574.03","","-0.30%"
"26/07/2023","2,584.70","2,581.25","2,586.19","2,579.46","","0.12%"
"25/07/2023","2,581.59","2,578.77","2,583.95","2,578.77","","0.10%"
"24/07/2023","2,579.06","2,577.51","2,580.67","2,574.89","","0.26%"
"21/07/2023","2,572.36","2,575.92","2,576.87","2,572.36","","-0.11%"
"20/07/2023","2,575.25","2,575.28","2,575.32","2,575.18","","0.02%"
"19/07/2023","2,574.82","2,574.82","2,574.88","2,574.76","","0.02%"
"18/07/2023","2,574.31","2,573.94","2,574.37","2,573.94","","0.03%"
"17/07/2023","2,573.62","2,572.73","2,573.69","2,572.69","","0.09%"
"14/07/2023","2,571.35","2,571.17","2,571.61","2,570.88","","0.05%"
"13/07/2023","2,570.16","2,568.56","2,570.45","2,568.56","","0.16%"
"12/07/2023","2,565.96","2,565.11","2,567.23","2,564.18","","0.33%"
"11/07/2023","2,557.47","2,551.57","2,557.47","2,548.32","","0.34%"
"10/07/2023","2,548.70","2,544.78","2,548.70","2,541.00","","0.19%"
"07/07/2023","2,543.93","2,541.46","2,553.96","2,541.46","","-0.01%"
"06/07/2023","2,544.23","2,542.57","2,545.54","2,533.13","","-0.35%"
"05/07/2023","2,553.28","2,550.11","2,554.42","2,550.00","","-0.02%"
"03/07/2023","2,553.85","2,550.71","2,554.05","2,550.68","","0.06%"
"30/06/2023","2,552.28","2,545.21","2,553.06","2,545.21","","0.62%"
"29/06/2023","2,536.62","2,527.66","2,536.62","2,526.76","","0.25%"
"28/06/2023","2,530.29","2,524.79","2,533.05","2,522.44","","0.06%"
"27/06/2023","2,528.87","2,513.44","2,530.33","2,511.05","","0.80%"
"26/06/2023","2,508.68","2,514.43","2,521.35","2,507.98","","-0.24%"
"23/06/2023","2,514.81","2,512.08","2,521.64","2,511.21","","-0.43%"
"22/06/2023","2,525.64","2,514.33","2,526.04","2,513.86","","0.27%"
"21/06/2023","2,518.96","2,519.19","2,525.41","2,514.92","","-0.19%"
"20/06/2023","2,523.82","2,522.78","2,526.32","2,515.16","","-0.14%"
"16/06/2023","2,527.32","2,531.07","2,533.22","2,526.16","","-0.08%"
"15/06/2023","2,529.27","2,529.24","2,529.34","2,529.21","","0.02%"
"14/06/2023","2,528.77","2,528.45","2,528.79","2,528.32","","0.03%"
"13/06/2023","2,527.97","2,527.85","2,528.06","2,527.72","","0.04%"
"12/06/2023","2,526.87","2,526.19","2,526.87","2,526.01","","0.09%"
"09/06/2023","2,524.71","2,524.23","2,525.37","2,523.78","","0.06%"
"08/06/2023","2,523.24","2,520.47","2,523.36","2,519.75","","0.11%"
"07/06/2023","2,520.50","2,521.43","2,522.03","2,519.38","","0.01%"
"06/06/2023","2,520.37","2,517.49","2,520.71","2,517.10","","0.10%"
"05/06/2023","2,517.91","2,518.06","2,519.68","2,516.43","","0.06%"
"02/06/2023","2,516.37","2,511.10","2,517.06","2,510.05","","0.47%"
"01/06/2023","2,504.48","2,491.40","2,506.65","2,488.30","","0.55%"
"31/05/2023","2,490.67","2,490.46","2,494.88","2,483.57","","-0.17%"
"30/05/2023","2,494.85","2,499.61","2,500.12","2,489.83","","0.20%"
"26/05/2023","2,489.91","2,475.17","2,491.06","2,474.99","","0.74%"
"25/05/2023","2,471.68","2,468.13","2,475.83","2,462.84","","0.59%"
"24/05/2023","2,457.30","2,461.03","2,464.19","2,450.90","","-0.49%"
"23/05/2023","2,469.36","2,478.66","2,482.69","2,466.66","","-0.61%"
"22/05/2023","2,484.58","2,484.79","2,488.46","2,479.26","","0.09%"
"19/05/2023","2,482.35","2,481.93","2,483.38","2,478.26","","0.08%"
"18/05/2023","2,480.42","2,479.10","2,480.45","2,478.92","","0.06%"
"17/05/2023","2,478.83","2,474.22","2,478.89","2,470.24","","0.45%"
"16/05/2023","2,467.74","2,471.18","2,473.08","2,467.59","","-0.23%"
"15/05/2023","2,473.54","2,468.96","2,473.54","2,464.29","","0.30%"
"12/05/2023","2,466.03","2,468.72","2,469.56","2,456.84","","0.03%"
"11/05/2023","2,465.23","2,461.43","2,465.53","2,456.10","","0.03%"
"10/05/2023","2,464.61","2,465.42","2,466.48","2,451.10","","0.31%"
"09/05/2023","2,457.05","2,456.06","2,459.61","2,455.36","","-0.15%"
"08/05/2023","2,460.86","2,458.48","2,461.46","2,455.64","","0.21%"
"05/05/2023","2,455.70","2,443.47","2,458.15","2,443.47","","1.15%"
"04/05/2023","2,427.86","2,434.25","2,435.13","2,420.41","","-0.41%"
"03/05/2023","2,437.85","2,447.34","2,454.40","2,437.22","","-0.29%"
"02/05/2023","2,445.00","2,455.22","2,455.22","2,434.21","","-0.50%"
"01/05/2023","2,457.31","2,456.29","2,460.66","2,456.29","","0.09%"
"28/04/2023","2,455.20","2,445.47","2,455.20","2,445.29","","0.40%"
"27/04/2023","2,445.48","2,428.93","2,445.93","2,428.75","","1.08%"
"26/04/2023","2,419.26","2,427.01","2,431.56","2,416.25","","-0.13%"
"25/04/2023","2,422.32","2,438.29","2,439.59","2,422.14","","-0.86%"
"24/04/2023","2,443.43","2,441.59","2,443.64","2,437.01","","0.16%"
"21/04/2023","2,439.60","2,438.00","2,440.66","2,436.86","","0.11%"
"20/04/2023","2,436.88","2,436.85","2,436.90","2,436.82","","0.02%"
"19/04/2023","2,436.46","2,436.41","2,436.46","2,436.36","","0.02%"
"18/04/2023","2,436.06","2,436.09","2,436.11","2,436.03","","0.01%"
"17/04/2023","2,435.71","2,435.62","2,435.77","2,435.55","","0.05%"
"14/04/2023","2,434.54","2,434.30","2,434.57","2,434.18","","0.03%"
"13/04/2023","2,433.84","2,433.21","2,433.84","2,433.07","","0.07%"
"12/04/2023","2,432.16","2,432.64","2,433.07","2,431.60","","0.02%"
"11/04/2023","2,431.59","2,431.46","2,432.20","2,431.34","","0.03%"
"10/04/2023","2,430.96","2,428.41","2,430.96","2,428.13","","0.11%"
"06/04/2023","2,428.32","2,425.17","2,428.32","2,424.30","","0.10%"
"05/04/2023","2,425.98","2,424.73","2,426.13","2,423.36","","0.03%"
"04/04/2023","2,425.32","2,426.40","2,426.75","2,422.83","","-0.02%"
"03/04/2023","2,425.74","2,422.85","2,425.84","2,422.54","","0.19%"
"31/03/2023","2,421.18","2,417.38","2,421.77","2,417.32","","0.26%"
"30/03/2023","2,414.98","2,414.82","2,415.23","2,410.93","","0.17%"
"29/03/2023","2,410.93","2,408.44","2,410.96","2,406.63","","0.48%"
"28/03/2023","2,399.40","2,396.97","2,400.18","2,392.27","","0.06%"
"27/03/2023","2,398.03","2,399.15","2,401.20","2,394.10","","0.30%"
"24/03/2023","2,390.91","2,378.05","2,390.91","2,369.78","","0.41%"
"23/03/2023","2,381.19","2,391.34","2,398.93","2,372.57","","0.05%"
"22/03/2023","2,379.94","2,395.04","2,403.38","2,379.94","","-0.60%"
"21/03/2023","2,394.22","2,389.52","2,395.41","2,385.66","","0.68%"
"20/03/2023","2,378.03","2,368.44","2,379.31","2,365.11","","0.62%"
"17/03/2023","2,363.44","2,363.69","2,371.29","2,358.62","","-0.06%"
"16/03/2023","2,364.80","2,309.85","2,367.16","2,307.85","","1.65%"
"15/03/2023","2,326.41","2,306.04","2,326.41","2,292.13","","-0.54%"
"14/03/2023","2,339.11","2,334.06","2,349.65","2,313.01","","1.65%"
"13/03/2023","2,301.17","2,281.19","2,328.85","2,273.90","","-0.09%"
"10/03/2023","2,303.29","2,328.58","2,343.66","2,293.67","","-1.31%"
"09/03/2023","2,333.88","2,373.35","2,380.31","2,327.49","","-1.54%"
"08/03/2023","2,370.41","2,368.29","2,372.95","2,359.57","","0.19%"
"07/03/2023","2,365.97","2,386.51","2,387.86","2,362.89","","-0.89%"
"06/03/2023","2,387.24","2,387.63","2,394.29","2,385.81","","0.14%"
"03/03/2023","2,383.87","2,365.36","2,384.20","2,365.24","","1.06%"
"02/03/2023","2,358.80","2,336.49","2,362.08","2,333.89","","0.58%"
"01/03/2023","2,345.10","2,346.80","2,353.43","2,338.38","","-0.24%"
"28/02/2023","2,350.82","2,352.97","2,362.97","2,350.49","","-0.18%"
"27/02/2023","2,355.10","2,361.25","2,367.19","2,351.04","","0.36%"
"24/02/2023","2,346.74","2,342.29","2,349.76","2,333.87","","-0.61%"
"23/02/2023","2,361.24","2,362.82","2,365.27","2,343.92","","0.40%"
"22/02/2023","2,351.75","2,353.27","2,360.32","2,345.84","","0.03%"
"21/02/2023","2,351.02","2,364.93","2,366.39","2,348.96","","-0.95%"
"17/02/2023","2,373.58","2,366.26","2,373.99","2,363.81","","0.33%"
"16/02/2023","2,365.83","2,366.09","2,366.12","2,365.69","","0.00%"
"15/02/2023","2,365.78","2,365.68","2,365.81","2,365.66","","0.02%"
"14/02/2023","2,365.30","2,364.72","2,365.37","2,364.47","","0.05%"
"13/02/2023","2,364.18","2,362.33","2,364.18","2,362.21","","0.14%"
"10/02/2023","2,360.97","2,358.49","2,361.12","2,357.04","","0.11%"
"09/02/2023","2,358.43","2,362.30","2,362.45","2,357.19","","-0.09%"
"08/02/2023","2,360.63","2,361.54","2,361.93","2,359.79","","-0.04%"
"07/02/2023","2,361.57","2,358.00","2,361.87","2,357.82","","0.13%"
"06/02/2023","2,358.45","2,358.18","2,358.82","2,356.91","","0.02%"
"03/02/2023","2,358.03","2,357.63","2,359.14","2,356.76","","-0.01%"
"02/02/2023","2,358.36","2,358.36","2,358.99","2,356.48","","0.13%"
"01/02/2023","2,355.39","2,348.47","2,357.03","2,346.02","","0.25%"
"31/01/2023","2,349.59","2,342.52","2,349.59","2,341.58","","0.36%"
"30/01/2023","2,341.06","2,345.24","2,346.99","2,340.25","","-0.29%"
"27/01/2023","2,347.77","2,344.78","2,349.52","2,344.75","","0.11%"
"26/01/2023","2,345.17","2,343.05","2,345.20","2,337.83","","0.28%"
"25/01/2023","2,338.52","2,327.94","2,338.76","2,321.93","","0.07%"
"24/01/2023","2,336.86","2,332.26","2,338.88","2,330.42","","0.02%"
"23/01/2023","2,336.31","2,327.73","2,338.73","2,326.91","","0.45%"
"20/01/2023","2,325.79","2,317.63","2,326.00","2,316.33","","0.37%"
"19/01/2023","2,317.33","2,316.39","2,317.49","2,315.66","","0.03%"
"18/01/2023","2,316.63","2,317.20","2,317.29","2,316.47","","0.00%"
"17/01/2023","2,316.69","2,316.37","2,316.78","2,316.27","","0.08%"
"13/01/2023","2,314.95","2,312.73","2,315.11","2,312.34","","0.06%"
"12/01/2023","2,313.46","2,311.77","2,313.76","2,308.67","","0.29%"
"11/01/2023","2,306.74","2,303.61","2,306.77","2,301.92","","0.24%"
"10/01/2023","2,301.17","2,292.49","2,301.17","2,290.83","","0.32%"
"09/01/2023","2,293.91","2,297.44","2,303.13","2,293.04","","0.08%"
"06/01/2023","2,292.18","2,275.18","2,294.08","2,266.55","","1.23%"
"05/01/2023","2,264.42","2,270.72","2,271.62","2,261.19","","-0.57%"
"04/01/2023","2,277.33","2,272.56","2,281.24","2,264.76","","0.49%"
"03/01/2023","2,266.15","2,273.26","2,279.68","2,254.72","","-0.08%"
"30/12/2022","2,267.98","2,261.50","2,267.98","2,253.93","","-0.05%"
"29/12/2022","2,269.07","2,256.68","2,271.09","2,255.65","","1.01%"
"28/12/2022","2,246.37","2,261.27","2,267.66","2,245.98","","-0.68%"
"27/12/2022","2,261.72","2,263.56","2,265.94","2,253.95","","-0.06%"
"23/12/2022","2,262.98","2,252.79","2,263.55","2,244.83","","0.38%"
"22/12/2022","2,254.42","2,263.29","2,263.29","2,230.79","","-0.73%"
"21/12/2022","2,270.98","2,262.87","2,273.00","2,261.30","","0.80%"
"20/12/2022","2,252.96","2,246.57","2,257.18","2,242.68","","0.15%"
"19/12/2022","2,249.59","2,256.13","2,259.11","2,243.77","","-0.24%"
"16/12/2022","2,255.09","2,248.76","2,259.58","2,247.83","","-0.47%"
"15/12/2022","2,265.72","2,283.46","2,284.45","2,254.62","","-1.08%"
"14/12/2022","2,290.49","2,287.18","2,293.46","2,277.52","","0.23%"
"13/12/2022","2,285.34","2,293.31","2,293.31","2,277.93","","0.72%"
"12/12/2022","2,268.94","2,260.60","2,268.94","2,257.37","","0.57%"
"09/12/2022","2,256.02","2,259.98","2,266.95","2,255.47","","-0.28%"
"08/12/2022","2,262.36","2,257.59","2,265.29","2,252.88","","0.46%"
"07/12/2022","2,252.09","2,251.45","2,258.17","2,247.52","","-0.06%"
"06/12/2022","2,253.42","2,269.71","2,270.73","2,246.16","","-0.69%"
"05/12/2022","2,269.18","2,277.06","2,278.54","2,264.85","","-0.49%"
"02/12/2022","2,280.25","2,272.57","2,281.30","2,272.17","","0.08%"
"01/12/2022","2,278.53","2,278.33","2,280.28","2,273.10","","0.03%"
"30/11/2022","2,277.80","2,252.27","2,277.80","2,245.06","","1.17%"
"29/11/2022","2,251.40","2,252.33","2,255.53","2,244.54","","-0.05%"
"28/11/2022","2,252.44","2,260.58","2,262.85","2,249.39","","-0.59%"
"25/11/2022","2,265.87","2,264.09","2,266.71","2,262.96","","0.08%"
"23/11/2022","2,264.00","2,256.62","2,264.87","2,255.86","","0.33%"
"22/11/2022","2,256.61","2,247.51","2,257.11","2,244.11","","0.67%"
"21/11/2022","2,241.58","2,240.36","2,243.27","2,234.86","","0.03%"
"18/11/2022","2,240.87","2,237.36","2,242.56","2,231.77","","0.15%"
"17/11/2022","2,237.46","2,237.46","2,237.50","2,237.44","","0.01%"
"16/11/2022","2,237.23","2,237.20","2,237.26","2,237.17","","0.02%"
"15/11/2022","2,236.89","2,237.01","2,237.04","2,235.91","","0.01%"
"14/11/2022","2,236.60","2,236.56","2,236.78","2,236.56","","0.04%"
"11/11/2022","2,235.74","2,235.33","2,235.93","2,234.83","","0.04%"
"10/11/2022","2,234.76","2,233.51","2,234.93","2,231.99","","0.89%"
"09/11/2022","2,215.02","2,222.63","2,225.19","2,214.17","","-0.44%"
"08/11/2022","2,224.81","2,224.02","2,228.61","2,218.23","","0.10%"
"07/11/2022","2,222.67","2,217.22","2,223.15","2,213.32","","0.41%"
"04/11/2022","2,213.59","2,213.92","2,217.52","2,199.13","","0.59%"
"03/11/2022","2,200.67","2,196.80","2,206.33","2,191.66","","-0.25%"
"02/11/2022","2,206.11","2,216.76","2,222.79","2,206.01","","-0.55%"
"01/11/2022","2,218.27","2,222.81","2,222.96","2,215.44","","-0.03%"
"31/10/2022","2,218.93","2,216.98","2,220.24","2,216.04","","0.02%"
"28/10/2022","2,218.47","2,205.65","2,219.17","2,205.65","","0.61%"
"27/10/2022","2,204.94","2,209.26","2,211.03","2,203.23","","-0.07%"
"26/10/2022","2,206.39","2,203.59","2,212.60","2,203.38","","-0.06%"
"25/10/2022","2,207.78","2,196.70","2,208.23","2,196.60","","0.58%"
"24/10/2022","2,195.10","2,188.01","2,196.14","2,181.77","","0.53%"
"21/10/2022","2,183.56","2,175.25","2,184.44","2,173.21","","0.27%"
"20/10/2022","2,177.64","2,193.69","2,219.06","2,172.18","","-0.84%"
"19/10/2022","2,196.19","2,200.44","2,214.20","2,178.55","","-0.60%"
"18/10/2022","2,209.51","2,227.46","2,229.83","2,189.02","","1.18%"
"17/10/2022","2,183.68","2,172.96","2,190.22","2,172.24","","2.47%"
"14/10/2022","2,130.96","2,188.14","2,196.37","2,127.36","","-2.04%"
"13/10/2022","2,175.26","2,080.26","2,182.30","2,074.85","","2.47%"
"12/10/2022","2,122.81","2,126.91","2,139.77","2,121.65","","-0.29%"
"11/10/2022","2,129.06","2,131.50","2,157.19","2,117.48","","-0.58%"
"10/10/2022","2,141.40","2,162.02","2,162.79","2,128.33","","-0.68%"
"07/10/2022","2,156.02","2,184.39","2,184.42","2,145.00","","-2.07%"
"06/10/2022","2,201.55","2,212.24","2,221.75","2,198.93","","-0.70%"
"05/10/2022","2,216.98","2,203.16","2,224.22","2,192.11","","-0.01%"
"04/10/2022","2,217.31","2,197.47","2,217.49","2,197.47","","2.15%"
"03/10/2022","2,170.72","2,144.19","2,179.93","2,134.42","","2.29%"
"30/09/2022","2,122.15","2,147.14","2,165.38","2,121.86","","-1.22%"
"29/09/2022","2,148.31","2,165.83","2,166.22","2,131.79","","-1.48%"
"28/09/2022","2,180.67","2,151.23","2,188.21","2,144.19","","1.54%"
"27/09/2022","2,147.53","2,166.66","2,178.63","2,134.28","","-0.14%"
"26/09/2022","2,150.57","2,161.68","2,177.90","2,144.63","","-0.73%"
"23/09/2022","2,166.47","2,175.00","2,175.89","2,143.18","","-1.12%"
"22/09/2022","2,191.08","2,200.76","2,202.93","2,185.85","","-0.32%"
"21/09/2022","2,198.13","2,224.90","2,233.84","2,198.13","","-0.91%"
"20/09/2022","2,218.31","2,220.99","2,223.81","2,208.69","","-0.53%"
"19/09/2022","2,230.21","2,211.67","2,230.33","2,211.67","","0.46%"
"16/09/2022","2,219.94","2,215.01","2,221.51","2,207.99","","-0.40%"
"15/09/2022","2,228.85","2,245.53","2,261.84","2,221.79","","-1.13%"
"14/09/2022","2,254.27","2,252.50","2,262.84","2,234.27","","0.38%"
"13/09/2022","2,245.69","2,298.03","2,302.69","2,239.55","","-4.23%"
"12/09/2022","2,344.94","2,334.88","2,348.88","2,332.25","","1.00%"
"09/09/2022","2,321.78","2,301.30","2,326.38","2,298.96","","1.54%"
"08/09/2022","2,286.50","2,253.21","2,288.41","2,251.44","","0.64%"
"07/09/2022","2,272.06","2,229.81","2,275.95","2,229.81","","1.77%"
"06/09/2022","2,232.49","2,250.40","2,250.86","2,218.92","","-0.33%"
"02/09/2022","2,239.96","2,281.10","2,291.47","2,228.99","","-1.04%"
"01/09/2022","2,263.55","2,245.27","2,263.61","2,227.27","","0.36%"
"31/08/2022","2,255.35","2,277.92","2,288.43","2,255.35","","-0.71%"
"30/08/2022","2,271.54","2,300.46","2,300.46","2,259.57","","-0.96%"
"29/08/2022","2,293.57","2,290.62","2,309.65","2,286.77","","-0.53%"
"26/08/2022","2,305.72","2,361.58","2,362.78","2,305.58","","-2.40%"
"25/08/2022","2,362.37","2,345.57","2,362.37","2,342.60","","0.91%"
"24/08/2022","2,341.14","2,334.14","2,346.03","2,331.00","","0.33%"
"23/08/2022","2,333.34","2,336.19","2,345.08","2,330.80","","-0.13%"
"22/08/2022","2,336.33","2,348.25","2,348.93","2,331.71","","-1.20%"
"19/08/2022","2,364.72","2,364.52","2,368.32","2,361.55","","0.03%"
"18/08/2022","2,364.12","2,364.12","2,364.12","2,362.88","","0.00%"
"17/08/2022","2,364.02","2,364.00","2,364.04","2,362.81","","0.01%"
"16/08/2022","2,363.90","2,363.90","2,363.93","2,363.87","","0.00%"
"15/08/2022","2,363.80","2,363.66","2,363.80","2,363.66","","0.01%"
"12/08/2022","2,363.46","2,363.34","2,363.49","2,363.29","","0.02%"
"11/08/2022","2,363.07","2,363.16","2,363.21","2,362.93","","0.01%"
"10/08/2022","2,362.90","2,362.70","2,362.92","2,362.66","","0.06%"
"09/08/2022","2,361.37","2,361.34","2,361.59","2,361.03","","0.00%"
"08/08/2022","2,361.42","2,361.33","2,361.81","2,360.59","","0.04%"
"05/08/2022","2,360.56","2,358.56","2,360.62","2,358.56","","0.03%"
"04/08/2022","2,359.82","2,359.05","2,360.06","2,358.46","","0.03%"
"03/08/2022","2,359.07","2,356.76","2,359.47","2,356.48","","0.22%"
"02/08/2022","2,353.86","2,353.74","2,356.90","2,351.74","","-0.07%"
"01/08/2022","2,355.57","2,355.05","2,356.93","2,354.40","","-0.02%"
"29/07/2022","2,356.10","2,353.18","2,356.50","2,352.74","","0.23%"
"28/07/2022","2,350.74","2,347.29","2,351.35","2,341.39","","0.28%"
"27/07/2022","2,344.27","2,333.76","2,345.53","2,332.86","","0.84%"
"26/07/2022","2,324.83","2,331.50","2,331.99","2,322.43","","-0.44%"
"25/07/2022","2,335.06","2,333.64","2,335.43","2,329.43","","0.14%"
"22/07/2022","2,331.71","2,337.21","2,338.26","2,326.27","","-0.16%"
"21/07/2022","2,335.51","2,324.44","2,335.51","2,319.77","","0.41%"
"20/07/2022","2,325.91","2,318.99","2,327.91","2,317.82","","0.29%"
"19/07/2022","2,319.07","2,306.13","2,320.12","2,305.54","","1.10%"
"18/07/2022","2,293.91","2,310.27","2,312.27","2,289.36","","-0.34%"
"15/07/2022","2,301.75","2,298.71","2,301.88","2,297.14","","0.10%"
"14/07/2022","2,299.44","2,298.70","2,299.46","2,297.76","","0.03%"
"13/07/2022","2,298.86","2,296.18","2,299.05","2,295.17","","0.07%"
"12/07/2022","2,297.25","2,298.40","2,298.66","2,296.30","","-0.05%"
"11/07/2022","2,298.39","2,297.79","2,298.44","2,297.18","","0.03%"
"08/07/2022","2,297.81","2,296.26","2,298.07","2,296.22","","0.06%"
"07/07/2022","2,296.35","2,294.74","2,297.42","2,294.55","","0.17%"
"06/07/2022","2,292.44","2,289.76","2,294.04","2,283.14","","0.13%"
"05/07/2022","2,289.35","2,278.73","2,289.35","2,274.98","","0.13%"
"01/07/2022","2,286.34","2,279.06","2,286.56","2,273.11","","0.40%"
"30/06/2022","2,277.29","2,274.96","2,280.95","2,267.46","","-0.14%"
"29/06/2022","2,280.57","2,280.09","2,282.20","2,276.31","","0.04%"
"28/06/2022","2,279.62","2,289.04","2,290.55","2,279.14","","-0.33%"
"27/06/2022","2,287.14","2,286.76","2,288.24","2,283.93","","0.11%"
"24/06/2022","2,284.61","2,274.66","2,285.05","2,274.50","","0.69%"
"23/06/2022","2,269.01","2,266.24","2,270.05","2,259.00","","0.32%"
"22/06/2022","2,261.70","2,251.15","2,267.97","2,251.15","","0.07%"
"21/06/2022","2,260.09","2,254.11","2,263.24","2,253.92","","1.15%"
"17/06/2022","2,234.40","2,231.41","2,242.97","2,228.89","","-0.16%"
"16/06/2022","2,237.96","2,258.08","2,259.79","2,218.40","","-2.89%"
"15/06/2022","2,304.59","2,287.15","2,324.46","2,265.27","","1.46%"
"14/06/2022","2,271.39","2,286.23","2,291.60","2,254.50","","-0.16%"
"13/06/2022","2,274.92","2,297.81","2,304.76","2,265.89","","-2.48%"
"10/06/2022","2,332.71","2,342.95","2,344.36","2,329.73","","-0.85%"
"09/06/2022","2,352.70","2,360.11","2,361.69","2,352.64","","-0.35%"
"08/06/2022","2,360.95","2,360.47","2,361.96","2,359.67","","-0.01%"
"07/06/2022","2,361.28","2,355.67","2,361.46","2,355.00","","0.14%"
"06/06/2022","2,358.04","2,358.77","2,359.48","2,356.31","","0.12%"
"03/06/2022","2,355.13","2,354.45","2,356.77","2,352.81","","-0.11%"
"02/06/2022","2,357.77","2,350.33","2,357.80","2,348.69","","0.28%"
"01/06/2022","2,351.12","2,354.62","2,355.02","2,345.63","","0.00%"
"31/05/2022","2,351.17","2,350.13","2,353.79","2,346.87","","0.00%"
"27/05/2022","2,351.20","2,343.77","2,351.20","2,343.77","","0.54%"
"26/05/2022","2,338.61","2,325.65","2,340.44","2,325.65","","0.69%"
"25/05/2022","2,322.60","2,308.61","2,326.04","2,308.48","","0.46%"
"24/05/2022","2,312.07","2,308.97","2,314.21","2,291.47","","-0.27%"
"23/05/2022","2,318.44","2,308.56","2,319.78","2,300.42","","0.90%"
"20/05/2022","2,297.78","2,287.87","2,298.60","2,266.66","","1.33%"
"19/05/2022","2,267.55","2,264.82","2,293.54","2,254.32","","-0.71%"
"18/05/2022","2,283.72","2,348.86","2,350.49","2,274.41","","-3.94%"
"17/05/2022","2,377.30","2,366.10","2,377.76","2,343.75","","1.94%"
"16/05/2022","2,332.01","2,331.02","2,351.86","2,315.73","","-0.28%"
"13/05/2022","2,338.59","2,309.49","2,347.37","2,303.59","","2.41%"
"12/05/2022","2,283.47","2,272.05","2,303.79","2,243.04","","-0.19%"
"11/05/2022","2,287.81","2,317.95","2,351.73","2,283.21","","-1.56%"
"10/05/2022","2,324.12","2,362.46","2,362.81","2,299.93","","0.22%"
"09/05/2022","2,318.92","2,359.44","2,364.73","2,309.21","","-3.15%"
"06/05/2022","2,394.31","2,390.50","2,411.46","2,361.14","","-0.53%"
"05/05/2022","2,407.16","2,462.48","2,463.70","2,381.46","","-3.12%"
"04/05/2022","2,484.78","2,422.54","2,486.14","2,406.12","","2.68%"
"03/05/2022","2,420.01","2,407.46","2,431.79","2,402.37","","0.46%"
"02/05/2022","2,409.00","2,399.46","2,414.32","2,355.95","","0.63%"
"29/04/2022","2,393.80","2,452.82","2,462.93","2,390.23","","-3.13%"
"28/04/2022","2,471.16","2,449.30","2,478.20","2,424.01","","2.03%"
"27/04/2022","2,421.89","2,424.77","2,448.75","2,409.71","","0.30%"
"26/04/2022","2,414.57","2,460.97","2,460.97","2,414.57","","-2.37%"
"25/04/2022","2,473.24","2,445.82","2,473.79","2,427.42","","0.54%"
"22/04/2022","2,460.02","2,502.49","2,504.26","2,459.23","","-1.87%"
"21/04/2022","2,506.94","2,536.56","2,538.13","2,503.77","","-0.78%"
"20/04/2022","2,526.60","2,530.98","2,532.58","2,522.58","","0.06%"
"19/04/2022","2,525.14","2,505.67","2,527.82","2,503.78","","0.79%"
"18/04/2022","2,505.23","2,501.92","2,509.77","2,496.22","","0.16%"
"14/04/2022","2,501.32","2,511.12","2,514.06","2,500.94","","-0.41%"
"13/04/2022","2,511.65","2,495.44","2,511.87","2,495.04","","0.63%"
"12/04/2022","2,495.84","2,502.54","2,507.89","2,488.78","","0.03%"
"11/04/2022","2,495.13","2,503.28","2,503.51","2,493.23","","-0.44%"
"08/04/2022","2,506.08","2,504.09","2,508.10","2,501.58","","0.06%"
"07/04/2022","2,504.58","2,499.53","2,505.80","2,494.29","","0.18%"
"06/04/2022","2,500.02","2,499.22","2,502.13","2,491.10","","-0.16%"
"05/04/2022","2,504.13","2,508.34","2,509.40","2,502.44","","-0.21%"
"04/04/2022","2,509.28","2,505.13","2,509.28","2,504.64","","0.20%"
"01/04/2022","2,504.31","2,502.11","2,504.65","2,498.41","","0.24%"
"31/03/2022","2,498.24","2,503.68","2,504.97","2,497.99","","-0.24%"
"30/03/2022","2,504.23","2,504.83","2,505.74","2,501.32","","-0.04%"
"29/03/2022","2,505.23","2,504.09","2,505.48","2,501.13","","0.21%"
"28/03/2022","2,499.99","2,492.21","2,499.99","2,489.59","","0.30%"
"25/03/2022","2,492.42","2,488.37","2,492.59","2,483.33","","0.24%"
"24/03/2022","2,486.50","2,477.12","2,487.18","2,474.36","","0.59%"
"23/03/2022","2,472.00","2,476.93","2,481.26","2,472.00","","-0.42%"
"22/03/2022","2,482.43","2,475.91","2,483.68","2,475.65","","0.44%"
"21/03/2022","2,471.66","2,470.10","2,474.17","2,460.04","","0.16%"
"18/03/2022","2,467.60","2,457.74","2,468.40","2,456.66","","0.45%"
"17/03/2022","2,456.60","2,437.15","2,456.60","2,435.96","","0.64%"
"16/03/2022","2,440.90","2,415.95","2,440.90","2,393.74","","1.86%"
"15/03/2022","2,396.39","2,367.31","2,399.95","2,358.17","","1.99%"
"14/03/2022","2,349.61","2,372.44","2,386.11","2,343.01","","-0.53%"
"11/03/2022","2,362.19","2,400.58","2,401.06","2,362.19","","-1.04%"
"10/03/2022","2,386.91","2,372.85","2,390.55","2,363.43","","-0.10%"
"09/03/2022","2,389.22","2,378.01","2,397.00","2,370.59","","2.11%"
"08/03/2022","2,339.79","2,355.15","2,384.89","2,333.22","","-0.51%"
"07/03/2022","2,351.71","2,395.29","2,395.52","2,351.46","","-1.83%"
"04/03/2022","2,395.67","2,392.45","2,398.15","2,377.91","","-0.36%"
"03/03/2022","2,404.27","2,416.02","2,416.25","2,396.71","","-0.14%"
"02/03/2022","2,407.76","2,390.15","2,411.57","2,387.81","","1.18%"
"01/03/2022","2,379.72","2,400.04","2,403.65","2,369.57","","-0.96%"
"28/02/2022","2,402.78","2,390.35","2,408.02","2,383.84","","-0.14%"
"25/02/2022","2,406.17","2,380.13","2,406.79","2,376.44","","1.24%"
"24/02/2022","2,376.80","2,304.06","2,378.86","2,304.06","","1.04%"
"23/02/2022","2,352.31","2,389.89","2,391.30","2,349.72","","-1.07%"
"22/02/2022","2,377.77","2,384.51","2,394.37","2,363.08","","-0.41%"
"18/02/2022","2,387.56","2,383.67","2,397.20","2,378.88","","0.10%"
"17/02/2022","2,385.28","2,414.39","2,415.37","2,382.15","","-1.60%"
"16/02/2022","2,424.08","2,411.99","2,426.53","2,404.94","","0.31%"
"15/02/2022","2,416.67","2,406.27","2,417.35","2,405.94","","1.23%"
"14/02/2022","2,387.34","2,390.31","2,395.54","2,369.28","","0.02%"
"11/02/2022","2,386.97","2,414.45","2,418.26","2,379.27","","-1.05%"
"10/02/2022","2,412.38","2,419.35","2,428.39","2,406.58","","-0.62%"
"09/02/2022","2,427.54","2,424.57","2,427.95","2,424.22","","0.48%"
"08/02/2022","2,415.83","2,406.52","2,418.34","2,400.72","","0.44%"
"07/02/2022","2,405.23","2,407.03","2,414.38","2,401.23","","0.05%"
"04/02/2022","2,404.00","2,394.30","2,412.74","2,387.01","","0.44%"
"03/02/2022","2,393.40","2,405.66","2,411.43","2,391.22","","-1.03%"
"02/02/2022","2,418.37","2,414.53","2,419.92","2,409.66","","0.35%"
"01/02/2022","2,409.98","2,400.07","2,410.85","2,391.90","","0.51%"
"31/01/2022","2,397.86","2,370.14","2,399.14","2,365.97","","1.11%"
"28/01/2022","2,371.60","2,339.52","2,371.60","2,318.88","","1.69%"
"27/01/2022","2,332.27","2,357.32","2,366.94","2,323.61","","-0.19%"
"26/01/2022","2,336.68","2,362.03","2,373.85","2,319.82","","-0.26%"
"25/01/2022","2,342.72","2,330.96","2,357.18","2,308.03","","-0.52%"
"24/01/2022","2,354.97","2,323.06","2,358.59","2,278.01","","0.18%"
"21/01/2022","2,350.63","2,372.80","2,374.19","2,349.87","","-1.27%"
"20/01/2022","2,380.83","2,419.68","2,442.58","2,378.62","","-1.14%"
"19/01/2022","2,408.21","2,436.20","2,441.83","2,406.00","","-0.86%"
"18/01/2022","2,429.11","2,438.53","2,439.07","2,423.13","","-1.00%"
"14/01/2022","2,453.63","2,440.80","2,454.08","2,437.06","","0.20%"
"13/01/2022","2,448.69","2,462.82","2,463.64","2,445.77","","-0.51%"
"12/01/2022","2,461.20","2,460.53","2,462.47","2,456.49","","0.17%"
"11/01/2022","2,457.00","2,446.53","2,457.00","2,438.75","","0.32%"
"10/01/2022","2,449.26","2,438.88","2,449.26","2,418.51","","0.06%"
"07/01/2022","2,447.85","2,448.01","2,451.33","2,440.49","","0.01%"
"06/01/2022","2,447.60","2,446.06","2,452.01","2,439.98","","0.02%"
"05/01/2022","2,447.02","2,461.20","2,462.39","2,447.02","","-0.58%"
"04/01/2022","2,461.33","2,462.15","2,462.52","2,458.86","","0.01%"
"03/01/2022","2,461.14","2,458.51","2,461.14","2,455.14","","0.21%"
"31/12/2021","2,456.08","2,456.27","2,458.26","2,455.15","","-0.02%"
"30/12/2021","2,456.50","2,458.23","2,459.24","2,455.65","","-0.04%"
"29/12/2021","2,457.54","2,455.78","2,458.62","2,454.48","","0.09%"
"28/12/2021","2,455.25","2,454.56","2,455.89","2,453.02","","0.02%"
"27/12/2021","2,454.74","2,447.83","2,454.74","2,447.81","","0.46%"
"23/12/2021","2,443.49","2,438.92","2,446.23","2,438.92","","0.30%"
"22/12/2021","2,436.08","2,422.40","2,436.29","2,421.76","","0.62%"
"21/12/2021","2,421.18","2,409.52","2,421.71","2,401.44","","1.03%"
"20/12/2021","2,396.42","2,389.17","2,397.43","2,378.54","","-0.58%"
"17/12/2021","2,410.35","2,413.25","2,421.16","2,408.31","","-0.80%"
"16/12/2021","2,429.69","2,443.99","2,445.16","2,421.61","","-0.39%"
"15/12/2021","2,439.09","2,413.46","2,440.15","2,400.12","","1.12%"
"14/12/2021","2,411.97","2,410.62","2,419.81","2,397.59","","-0.47%"
"13/12/2021","2,423.32","2,433.19","2,433.38","2,422.02","","-0.42%"
"10/12/2021","2,433.47","2,429.07","2,433.81","2,420.06","","0.67%"
"09/12/2021","2,417.32","2,422.50","2,426.56","2,416.74","","-0.38%"
"08/12/2021","2,426.43","2,420.54","2,427.65","2,416.87","","0.28%"
"07/12/2021","2,419.58","2,407.62","2,420.41","2,407.62","","1.51%"
"06/12/2021","2,383.66","2,373.32","2,391.91","2,359.72","","1.12%"
"03/12/2021","2,357.21","2,382.01","2,386.38","2,335.20","","-0.66%"
"02/12/2021","2,372.86","2,347.78","2,379.95","2,343.33","","1.36%"
"01/12/2021","2,340.98","2,390.78","2,402.94","2,340.98","","-1.17%"
"30/11/2021","2,368.66","2,389.42","2,398.09","2,364.65","","-1.36%"
"29/11/2021","2,401.21","2,397.93","2,406.84","2,389.02","","1.11%"
"26/11/2021","2,374.90","2,387.89","2,393.29","2,370.76","","-1.64%"
"24/11/2021","2,414.56","2,402.53","2,415.03","2,400.00","","0.14%"
"23/11/2021","2,411.17","2,407.81","2,412.11","2,397.83","","0.14%"
"22/11/2021","2,407.78","2,417.62","2,422.57","2,407.49","","-0.14%"
"19/11/2021","2,411.13","2,414.49","2,416.44","2,409.96","","-0.12%"
"18/11/2021","2,413.96","2,413.93","2,413.97","2,413.92","","0.00%"
"17/11/2021","2,413.87","2,413.85","2,413.90","2,413.79","","0.00%"
"16/11/2021","2,413.75","2,413.72","2,413.84","2,413.72","","0.00%"
"15/11/2021","2,413.73","2,413.49","2,413.74","2,413.49","","0.02%"
"12/11/2021","2,413.31","2,412.72","2,413.37","2,412.53","","0.06%"
"11/11/2021","2,411.90","2,411.63","2,412.28","2,411.44","","0.06%"
"10/11/2021","2,410.39","2,410.84","2,411.95","2,408.36","","-0.03%"
"09/11/2021","2,411.11","2,411.41","2,411.57","2,410.11","","-0.01%"
"08/11/2021","2,411.30","2,411.35","2,411.46","2,410.62","","0.04%"
"05/11/2021","2,410.39","2,410.69","2,411.53","2,409.18","","0.02%"
"04/11/2021","2,409.87","2,409.55","2,410.23","2,408.77","","0.05%"
"03/11/2021","2,408.74","2,405.41","2,409.87","2,405.06","","0.12%"
"02/11/2021","2,405.92","2,404.32","2,405.97","2,404.24","","0.09%"
"01/11/2021","2,403.75","2,403.08","2,403.86","2,400.21","","0.11%"
"29/10/2021","2,401.20","2,396.71","2,401.82","2,396.71","","0.03%"
"28/10/2021","2,400.44","2,397.57","2,400.44","2,397.25","","0.28%"
"27/10/2021","2,393.76","2,398.27","2,399.73","2,393.54","","-0.16%"
"26/10/2021","2,397.59","2,399.92","2,400.97","2,395.73","","-0.02%"
"25/10/2021","2,398.10","2,395.40","2,398.29","2,392.21","","0.20%"
"22/10/2021","2,393.41","2,393.63","2,395.93","2,388.63","","-0.04%"
"21/10/2021","2,394.41","2,390.19","2,394.65","2,389.60","","0.12%"
"20/10/2021","2,391.62","2,389.86","2,392.00","2,388.86","","0.13%"
"19/10/2021","2,388.43","2,384.37","2,388.43","2,383.45","","0.32%"
"18/10/2021","2,380.83","2,370.61","2,381.29","2,369.34","","0.18%"
"15/10/2021","2,376.60","2,374.73","2,378.00","2,374.60","","0.26%"
"14/10/2021","2,370.43","2,355.53","2,370.91","2,352.88","","1.54%"
"13/10/2021","2,334.58","2,331.74","2,338.30","2,316.20","","0.36%"
"12/10/2021","2,326.15","2,333.90","2,338.24","2,322.16","","-0.19%"
"11/10/2021","2,330.58","2,341.63","2,354.66","2,330.58","","-0.56%"
"08/10/2021","2,343.76","2,347.21","2,349.70","2,340.66","","0.01%"
"07/10/2021","2,343.51","2,342.50","2,352.37","2,342.15","","0.70%"
"06/10/2021","2,327.11","2,300.39","2,327.94","2,291.62","","0.40%"
"05/10/2021","2,317.75","2,304.91","2,329.04","2,301.75","","0.91%"
"04/10/2021","2,296.93","2,316.59","2,320.66","2,285.19","","-1.02%"
"01/10/2021","2,320.54","2,308.58","2,327.74","2,289.38","","1.06%"
"30/09/2021","2,296.17","2,326.39","2,328.85","2,296.17","","-0.97%"
"29/09/2021","2,318.69","2,321.28","2,328.37","2,315.80","","0.19%"
"28/09/2021","2,314.35","2,338.34","2,338.40","2,310.71","","-1.42%"
"27/09/2021","2,347.65","2,346.42","2,350.38","2,343.98","","-0.05%"
"24/09/2021","2,348.76","2,339.40","2,350.44","2,339.40","","0.18%"
"23/09/2021","2,344.45","2,335.57","2,347.77","2,334.93","","0.75%"
"22/09/2021","2,326.92","2,317.78","2,332.81","2,314.91","","0.79%"
"21/09/2021","2,308.65","2,315.42","2,322.67","2,304.58","","0.01%"
"20/09/2021","2,308.38","2,307.07","2,316.97","2,285.24","","-1.05%"
"17/09/2021","2,332.90","2,335.65","2,338.70","2,331.37","","-0.06%"
"16/09/2021","2,334.30","2,333.26","2,334.37","2,330.50","","0.05%"
"15/09/2021","2,333.14","2,328.39","2,333.52","2,325.46","","0.29%"
"14/09/2021","2,326.40","2,330.41","2,330.55","2,322.92","","-0.03%"
"13/09/2021","2,327.09","2,329.70","2,329.78","2,321.36","","0.29%"
"10/09/2021","2,320.45","2,331.30","2,331.43","2,319.58","","-0.28%"
"09/09/2021","2,326.89","2,328.60","2,330.90","2,325.78","","-0.09%"
"08/09/2021","2,328.99","2,326.72","2,328.99","2,324.30","","0.03%"
"07/09/2021","2,328.28","2,328.57","2,329.28","2,326.72","","-0.02%"
"03/09/2021","2,328.71","2,326.89","2,329.08","2,325.99","","0.06%"
"02/09/2021","2,327.33","2,327.86","2,328.39","2,325.70","","0.05%"
"01/09/2021","2,326.25","2,326.12","2,327.46","2,325.38","","0.05%"
"31/08/2021","2,325.11","2,325.06","2,325.95","2,323.74","","-0.03%"
"30/08/2021","2,325.74","2,324.31","2,326.24","2,323.71","","0.15%"
"27/08/2021","2,322.27","2,315.52","2,322.75","2,315.52","","0.42%"
"26/08/2021","2,312.53","2,317.65","2,318.18","2,311.61","","-0.26%"
"25/08/2021","2,318.57","2,316.27","2,319.44","2,316.09","","0.11%"
"24/08/2021","2,316.03","2,315.56","2,316.93","2,314.58","","0.07%"
"23/08/2021","2,314.37","2,309.57","2,315.53","2,309.57","","0.48%"
"20/08/2021","2,303.33","2,299.74","2,304.46","2,299.48","","0.22%"
"19/08/2021","2,298.37","2,294.59","2,298.66","2,294.49","","0.17%"
"18/08/2021","2,294.49","2,297.58","2,298.78","2,294.14","","-0.15%"
"17/08/2021","2,297.88","2,297.37","2,297.99","2,294.17","","-0.02%"
"16/08/2021","2,298.42","2,297.23","2,298.46","2,296.41","","0.02%"
"13/08/2021","2,298.06","2,297.42","2,298.08","2,297.36","","0.05%"
"12/08/2021","2,297.02","2,295.80","2,297.04","2,295.14","","0.05%"
"11/08/2021","2,295.91","2,295.01","2,296.22","2,294.67","","0.10%"
"10/08/2021","2,293.71","2,293.66","2,294.32","2,292.60","","0.04%"
"09/08/2021","2,292.84","2,292.52","2,293.47","2,290.94","","0.04%"
"06/08/2021","2,291.99","2,290.49","2,292.07","2,289.80","","0.15%"
"05/08/2021","2,288.66","2,286.10","2,288.71","2,285.86","","0.21%"
"04/08/2021","2,283.80","2,283.27","2,285.99","2,282.58","","-0.11%"
"03/08/2021","2,286.23","2,280.52","2,286.23","2,274.34","","0.37%"
"02/08/2021","2,277.69","2,282.29","2,283.61","2,276.74","","-0.03%"
"30/07/2021","2,278.46","2,276.79","2,281.44","2,276.79","","-0.16%"
"29/07/2021","2,282.13","2,281.05","2,282.95","2,280.86","","0.20%"
"28/07/2021","2,277.56","2,277.40","2,280.44","2,273.99","","0.07%"
"27/07/2021","2,275.92","2,276.02","2,276.84","2,267.88","","-0.17%"
"26/07/2021","2,279.75","2,276.84","2,279.80","2,275.76","","0.11%"
"23/07/2021","2,277.29","2,273.22","2,278.11","2,271.92","","0.39%"
"22/07/2021","2,268.43","2,267.46","2,269.23","2,263.78","","0.11%"
"21/07/2021","2,265.90","2,259.02","2,266.08","2,258.44","","0.52%"
"20/07/2021","2,254.11","2,235.03","2,257.81","2,231.99","","0.92%"
"19/07/2021","2,233.65","2,236.03","2,238.86","2,220.20","","-0.92%"
"16/07/2021","2,254.48","2,261.69","2,263.36","2,252.92","","-0.24%"
"15/07/2021","2,259.80","2,260.80","2,260.91","2,259.80","","-0.04%"
"14/07/2021","2,260.80","2,260.77","2,260.83","2,258.28","","0.01%"
"13/07/2021","2,260.48","2,260.46","2,260.71","2,260.38","","-0.01%"
"12/07/2021","2,260.60","2,260.05","2,260.60","2,260.01","","0.04%"
"09/07/2021","2,259.74","2,258.20","2,259.92","2,258.17","","0.14%"
"08/07/2021","2,256.52","2,254.46","2,257.33","2,252.86","","-0.11%"
"07/07/2021","2,258.90","2,258.20","2,258.95","2,256.79","","0.04%"
"06/07/2021","2,257.90","2,258.41","2,258.44","2,255.33","","0.00%"
"02/07/2021","2,257.95","2,257.16","2,258.00","2,257.11","","0.08%"
"01/07/2021","2,256.24","2,255.24","2,256.24","2,254.89","","0.09%"
"30/06/2021","2,254.16","2,252.86","2,254.94","2,252.59","","0.04%"
"29/06/2021","2,253.34","2,254.18","2,254.24","2,252.78","","0.01%"
"28/06/2021","2,253.07","2,252.59","2,253.10","2,251.10","","0.07%"
"25/06/2021","2,251.55","2,250.07","2,251.93","2,249.66","","0.14%"
"24/06/2021","2,248.44","2,248.44","2,249.25","2,248.09","","0.15%"
"23/06/2021","2,245.00","2,245.16","2,246.54","2,244.08","","0.04%"
"22/06/2021","2,244.11","2,238.42","2,244.73","2,237.58","","0.27%"
"21/06/2021","2,238.12","2,227.72","2,238.58","2,224.09","","0.82%"
"18/06/2021","2,219.98","2,226.42","2,228.02","2,219.92","","-0.20%"
"17/06/2021","2,224.38","2,223.61","2,224.83","2,220.52","","0.16%"
"16/06/2021","2,220.78","2,223.21","2,223.58","2,210.73","","-0.09%"
"15/06/2021","2,222.67","2,223.05","2,223.23","2,221.77","","-0.02%"
"14/06/2021","2,223.05","2,222.62","2,223.05","2,221.23","","0.05%"
"11/06/2021","2,221.95","2,221.26","2,221.95","2,220.48","","0.07%"
"10/06/2021","2,220.40","2,218.33","2,220.48","2,216.75","","0.26%"
"09/06/2021","2,214.59","2,217.23","2,217.29","2,214.35","","-0.06%"
"08/06/2021","2,215.93","2,217.39","2,217.42","2,212.33","","-0.02%"
"07/06/2021","2,216.32","2,215.12","2,216.48","2,213.58","","0.08%"
"04/06/2021","2,214.56","2,210.70","2,214.99","2,210.70","","0.42%"
"03/06/2021","2,205.29","2,202.60","2,208.11","2,198.25","","-0.16%"
"02/06/2021","2,208.80","2,206.49","2,209.74","2,205.26","","0.17%"
"01/06/2021","2,204.99","2,210.08","2,210.14","2,203.10","","-0.02%"
"28/05/2021","2,205.50","2,205.84","2,207.60","2,204.86","","0.10%"
"27/05/2021","2,203.20","2,203.60","2,204.72","2,201.71","","0.13%"
"26/05/2021","2,200.24","2,197.34","2,200.24","2,194.81","","0.21%"
"25/05/2021","2,195.69","2,199.34","2,200.30","2,193.82","","-0.08%"
"24/05/2021","2,197.34","2,191.07","2,199.50","2,190.97","","0.67%"
"21/05/2021","2,182.81","2,185.29","2,187.50","2,180.89","","0.32%"
"20/05/2021","2,175.79","2,161.13","2,181.08","2,161.13","","0.97%"
"19/05/2021","2,154.82","2,131.56","2,154.82","2,126.19","","-0.16%"
"18/05/2021","2,158.27","2,171.34","2,172.70","2,158.27","","-0.52%"
"17/05/2021","2,169.58","2,167.64","2,170.79","2,161.12","","-0.01%"
"14/05/2021","2,169.84","2,159.15","2,172.09","2,158.94","","1.18%"
"13/05/2021","2,144.64","2,132.75","2,152.92","2,132.75","","1.08%"
"12/05/2021","2,121.81","2,147.18","2,150.43","2,118.93","","-1.61%"
"11/05/2021","2,156.53","2,150.82","2,159.04","2,140.24","","-0.49%"
"10/05/2021","2,167.13","2,175.85","2,176.61","2,166.64","","-0.35%"
"07/05/2021","2,174.85","2,168.70","2,175.69","2,168.28","","0.33%"
"06/05/2021","2,167.75","2,158.93","2,167.75","2,151.39","","0.45%"
"05/05/2021","2,158.09","2,162.38","2,163.72","2,154.84","","0.04%"
"04/05/2021","2,157.20","2,158.11","2,158.82","2,142.24","","-0.28%"
"03/05/2021","2,163.17","2,164.11","2,165.58","2,161.73","","0.20%"
"30/04/2021","2,158.89","2,158.42","2,161.64","2,155.12","","-0.23%"
"29/04/2021","2,163.92","2,165.36","2,165.36","2,154.73","","0.23%"
"28/04/2021","2,159.02","2,159.62","2,161.95","2,157.27","","0.07%"
"27/04/2021","2,157.60","2,157.60","2,159.12","2,153.99","","0.03%"
"26/04/2021","2,156.92","2,155.90","2,158.05","2,154.90","","0.13%"
"23/04/2021","2,154.04","2,142.38","2,157.13","2,142.38","","0.70%"
"22/04/2021","2,139.16","2,150.58","2,153.06","2,134.00","","-0.50%"
"21/04/2021","2,149.97","2,136.70","2,151.33","2,135.33","","0.56%"
"20/04/2021","2,138.06","2,143.27","2,145.02","2,131.64","","-0.45%"
"19/04/2021","2,147.80","2,150.86","2,151.67","2,141.69","","-0.21%"
"16/04/2021","2,152.37","2,151.22","2,153.89","2,151.09","","0.06%"
"15/04/2021","2,151.05","2,151.00","2,151.05","2,151.00","","0.01%"
"14/04/2021","2,150.89","2,150.93","2,150.96","2,150.81","","0.00%"
"13/04/2021","2,150.93","2,150.84","2,150.93","2,150.82","","0.00%"
"12/04/2021","2,150.90","2,150.60","2,150.90","2,150.53","","0.01%"
"09/04/2021","2,150.58","2,149.83","2,150.58","2,149.83","","0.04%"
"08/04/2021","2,149.80","2,149.55","2,149.80","2,149.25","","0.04%"
"07/04/2021","2,148.89","2,148.17","2,148.97","2,148.01","","0.06%"
"06/04/2021","2,147.70","2,147.51","2,148.06","2,147.40","","0.02%"
"05/04/2021","2,147.34","2,146.16","2,147.67","2,146.16","","0.17%"
"01/04/2021","2,143.59","2,140.24","2,143.73","2,140.18","","0.28%"
"31/03/2021","2,137.62","2,134.60","2,138.34","2,134.54","","0.22%"
"30/03/2021","2,133.03","2,130.11","2,133.52","2,126.21","","0.08%"
"29/03/2021","2,131.24","2,130.96","2,133.36","2,125.63","","-0.08%"
"26/03/2021","2,132.88","2,123.48","2,133.27","2,119.21","","0.65%"
"25/03/2021","2,119.16","2,106.01","2,121.38","2,097.97","","0.37%"
"24/03/2021","2,111.26","2,121.08","2,125.45","2,111.26","","-0.22%"
"23/03/2021","2,115.99","2,122.59","2,126.80","2,112.52","","-0.41%"
"22/03/2021","2,124.71","2,116.84","2,126.16","2,116.04","","0.59%"
"19/03/2021","2,112.35","2,115.16","2,117.99","2,112.35","","0.09%"
"18/03/2021","2,110.54","2,115.70","2,118.48","2,107.35","","-0.31%"
"17/03/2021","2,117.13","2,110.86","2,117.42","2,108.57","","0.17%"
"16/03/2021","2,113.48","2,114.32","2,115.42","2,111.94","","0.00%"
"15/03/2021","2,113.42","2,108.32","2,113.67","2,103.65","","0.31%"
"12/03/2021","2,106.80","2,098.54","2,107.02","2,096.92","","0.24%"
"11/03/2021","2,101.78","2,098.05","2,104.94","2,096.78","","0.61%"
"10/03/2021","2,089.11","2,090.46","2,094.24","2,082.96","","0.56%"
"09/03/2021","2,077.55","2,074.31","2,087.87","2,071.37","","1.11%"
"08/03/2021","2,054.71","2,065.94","2,078.85","2,054.71","","-0.38%"
"05/03/2021","2,062.53","2,046.49","2,067.56","2,010.82","","1.58%"
"04/03/2021","2,030.37","2,052.59","2,063.40","2,005.96","","-1.03%"
"03/03/2021","2,051.57","2,070.20","2,072.57","2,051.57","","-0.93%"
"02/03/2021","2,070.90","2,083.05","2,083.05","2,070.63","","-0.49%"
"01/03/2021","2,081.00","2,069.06","2,083.34","2,067.17","","1.50%"
"26/02/2021","2,050.23","2,055.39","2,064.01","2,032.36","","0.26%"
"25/02/2021","2,044.94","2,080.39","2,084.39","2,039.97","","-1.91%"
"24/02/2021","2,084.77","2,065.81","2,085.87","2,061.95","","0.71%"
"23/02/2021","2,070.13","2,058.38","2,075.13","2,041.56","","0.10%"
"22/02/2021","2,067.97","2,068.02","2,077.23","2,065.84","","-0.40%"
"19/02/2021","2,076.25","2,081.55","2,081.55","2,074.50","","-0.29%"
"18/02/2021","2,082.24","2,082.00","2,082.24","2,081.84","","0.01%"
"17/02/2021","2,081.97","2,081.47","2,081.98","2,080.90","","0.12%"
"16/02/2021","2,079.52","2,081.54","2,081.79","2,079.52","","-0.09%"
"12/02/2021","2,081.35","2,079.53","2,081.38","2,079.50","","0.10%"
"11/02/2021","2,079.19","2,079.11","2,079.55","2,076.78","","0.07%"
"10/02/2021","2,077.83","2,078.97","2,079.05","2,074.31","","-0.01%"
"09/02/2021","2,078.02","2,077.08","2,078.55","2,076.77","","0.01%"
"08/02/2021","2,077.82","2,076.69","2,077.82","2,075.99","","0.13%"
"05/02/2021","2,075.07","2,073.71","2,075.29","2,071.88","","0.18%"
"04/02/2021","2,071.38","2,067.26","2,071.41","2,067.09","","0.39%"
"03/02/2021","2,063.29","2,062.27","2,066.20","2,058.94","","0.22%"
"02/02/2021","2,058.83","2,053.93","2,061.68","2,053.87","","0.77%"
"01/02/2021","2,043.10","2,037.23","2,046.23","2,026.12","","1.07%"
"29/01/2021","2,021.54","2,031.87","2,040.01","2,009.11","","-0.88%"
"28/01/2021","2,039.59","2,036.74","2,051.91","2,036.02","","0.58%"
"27/01/2021","2,027.74","2,044.43","2,048.86","2,017.88","","-1.44%"
"26/01/2021","2,057.44","2,060.66","2,060.99","2,057.11","","-0.04%"
"25/01/2021","2,058.33","2,057.99","2,059.35","2,043.23","","0.11%"
"22/01/2021","2,056.10","2,053.22","2,058.04","2,052.80","","-0.06%"
"21/01/2021","2,057.26","2,056.98","2,058.45","2,054.52","","0.06%"
"20/01/2021","2,056.09","2,049.72","2,057.23","2,049.72","","0.58%"
"19/01/2021","2,044.29","2,045.01","2,046.28","2,039.94","","0.43%"
"15/01/2021","2,035.44","2,035.72","2,039.29","2,034.42","","-0.02%"
"14/01/2021","2,035.84","2,035.68","2,035.90","2,035.65","","0.02%"
"13/01/2021","2,035.50","2,034.66","2,035.62","2,034.12","","0.07%"
"12/01/2021","2,034.09","2,033.10","2,034.42","2,030.55","","0.11%"
"11/01/2021","2,031.83","2,029.94","2,032.79","2,029.74","","-0.03%"
"08/01/2021","2,032.54","2,031.68","2,032.67","2,028.30","","0.11%"
"07/01/2021","2,030.31","2,026.32","2,030.88","2,026.32","","0.62%"
"06/01/2021","2,017.80","2,013.57","2,027.22","2,011.67","","0.20%"
"05/01/2021","2,013.87","2,004.50","2,016.09","2,003.64","","0.38%"
"04/01/2021","2,006.25","2,020.32","2,020.35","1,990.34","","-0.52%"
"31/12/2020","2,016.70","2,012.39","2,017.97","2,010.91","","0.20%"
"30/12/2020","2,012.63","2,013.62","2,014.83","2,011.01","","0.11%"
"29/12/2020","2,010.49","2,016.20","2,016.26","2,008.26","","-0.10%"
"28/12/2020","2,012.41","2,010.67","2,013.23","2,009.58","","0.45%"
"24/12/2020","2,003.32","1,999.28","2,003.32","1,998.05","","0.33%"
"23/12/2020","1,996.78","1,998.21","2,002.25","1,996.78","","0.19%"
"22/12/2020","1,992.95","1,993.15","1,995.29","1,987.68","","0.04%"
"21/12/2020","1,992.21","1,980.26","1,994.98","1,969.70","","-0.41%"
"18/12/2020","2,000.41","1,994.86","2,001.13","1,990.60","","0.31%"
"17/12/2020","1,994.18","1,994.21","1,994.34","1,994.15","","0.02%"
"16/12/2020","1,993.88","1,993.33","1,993.90","1,988.86","","0.06%"
"15/12/2020","1,992.78","1,992.18","1,992.78","1,990.98","","0.22%"
"14/12/2020","1,988.43","1,991.78","1,992.54","1,988.43","","0.01%"
"11/12/2020","1,988.25","1,986.57","1,988.84","1,983.14","","-0.01%"
"10/12/2020","1,988.53","1,985.87","1,989.25","1,984.31","","0.04%"
"09/12/2020","1,987.66","1,990.34","1,990.67","1,985.37","","-0.10%"
"08/12/2020","1,989.72","1,987.12","1,989.80","1,986.93","","0.09%"
"07/12/2020","1,987.93","1,986.36","1,987.93","1,986.06","","0.06%"
"04/12/2020","1,986.77","1,983.56","1,986.77","1,983.56","","0.28%"
"03/12/2020","1,981.32","1,981.91","1,983.75","1,979.67","","0.04%"
"02/12/2020","1,980.48","1,977.43","1,981.01","1,976.93","","0.06%"
"01/12/2020","1,979.30","1,978.41","1,980.89","1,977.79","","0.33%"
"30/11/2020","1,972.70","1,972.23","1,972.96","1,964.05","","-0.03%"
"27/11/2020","1,973.22","1,973.61","1,974.56","1,971.16","","0.12%"
"25/11/2020","1,970.84","1,969.45","1,971.46","1,967.13","","0.00%"
"24/11/2020","1,970.84","1,964.75","1,970.84","1,962.43","","0.67%"
"23/11/2020","1,957.68","1,956.45","1,959.69","1,948.65","","0.46%"
"20/11/2020","1,948.67","1,954.01","1,955.32","1,948.45","","-0.31%"
"19/11/2020","1,954.68","1,953.05","1,954.68","1,952.16","","0.10%"
"18/11/2020","1,952.76","1,954.05","1,954.51","1,952.76","","-0.04%"
"17/11/2020","1,953.45","1,952.42","1,953.80","1,951.28","","0.01%"
"16/11/2020","1,953.23","1,951.41","1,953.23","1,950.49","","0.29%"
"13/11/2020","1,947.60","1,944.12","1,948.30","1,943.03","","0.53%"
"12/11/2020","1,937.31","1,942.41","1,944.42","1,930.97","","-0.30%"
"11/11/2020","1,943.21","1,940.59","1,944.30","1,939.20","","0.39%"
"10/11/2020","1,935.65","1,934.03","1,937.10","1,925.47","","0.16%"
"09/11/2020","1,932.57","1,945.24","1,946.16","1,932.57","","0.50%"
"06/11/2020","1,922.88","1,918.53","1,925.95","1,912.23","","0.29%"
"05/11/2020","1,917.32","1,916.65","1,922.51","1,913.89","","1.19%"
"04/11/2020","1,894.84","1,886.92","1,908.59","1,880.92","","1.84%"
"03/11/2020","1,860.64","1,850.52","1,869.96","1,848.35","","1.44%"
"02/11/2020","1,834.20","1,832.92","1,842.62","1,819.78","","1.22%"
"30/10/2020","1,812.09","1,824.17","1,829.92","1,795.56","","-0.99%"
"29/10/2020","1,830.30","1,816.05","1,844.91","1,805.54","","1.03%"
"28/10/2020","1,811.58","1,837.15","1,839.44","1,809.71","","-2.85%"
"27/10/2020","1,864.65","1,869.36","1,871.34","1,862.19","","-0.18%"
"26/10/2020","1,868.07","1,882.24","1,884.47","1,853.65","","-1.33%"
"23/10/2020","1,893.24","1,892.84","1,893.37","1,883.95","","0.28%"
"22/10/2020","1,887.99","1,882.66","1,890.02","1,874.10","","0.35%"
"21/10/2020","1,881.37","1,881.20","1,888.43","1,877.69","","-0.03%"
"20/10/2020","1,881.89","1,881.64","1,891.27","1,878.49","","0.26%"
"19/10/2020","1,877.06","1,897.53","1,898.45","1,873.91","","-0.81%"
"16/10/2020","1,892.41","1,898.30","1,899.86","1,892.41","","-0.28%"
"15/10/2020","1,897.64","1,896.98","1,897.64","1,896.98","","0.01%"
"14/10/2020","1,897.36","1,897.40","1,897.53","1,897.12","","0.00%"
"13/10/2020","1,897.34","1,897.11","1,897.41","1,896.94","","0.01%"
"12/10/2020","1,897.06","1,896.76","1,897.11","1,896.74","","0.06%"
"09/10/2020","1,896.01","1,894.71","1,896.04","1,894.66","","0.16%"
"08/10/2020","1,893.03","1,890.72","1,893.06","1,890.07","","0.30%"
"07/10/2020","1,887.45","1,883.18","1,888.44","1,882.95","","0.70%"
"06/10/2020","1,874.24","1,884.20","1,887.81","1,872.59","","-0.42%"
"05/10/2020","1,882.14","1,875.09","1,882.57","1,875.09","","0.80%"
"02/10/2020","1,867.24","1,859.36","1,870.97","1,859.36","","-0.24%"
"01/10/2020","1,871.79","1,873.36","1,875.09","1,866.78","","0.25%"
"30/09/2020","1,867.03","1,864.36","1,874.09","1,861.32","","0.42%"
"29/09/2020","1,859.20","1,862.33","1,865.61","1,856.42","","-0.23%"
"28/09/2020","1,863.49","1,861.39","1,865.00","1,858.40","","0.83%"
"25/09/2020","1,848.17","1,823.36","1,850.33","1,819.60","","1.16%"
"24/09/2020","1,827.00","1,819.11","1,861.05","1,811.38","","0.25%"
"23/09/2020","1,822.47","1,851.09","1,852.43","1,819.93","","-1.43%"
"22/09/2020","1,848.98","1,842.66","1,850.57","1,833.16","","0.67%"
"21/09/2020","1,836.68","1,829.71","1,837.05","1,815.60","","-0.64%"
"18/09/2020","1,848.53","1,854.16","1,855.07","1,837.29","","-0.18%"
"17/09/2020","1,851.85","1,837.84","1,857.40","1,837.51","","-0.37%"
"16/09/2020","1,858.69","1,861.50","1,865.67","1,857.86","","0.03%"
"15/09/2020","1,858.07","1,858.38","1,860.75","1,854.93","","0.39%"
"14/09/2020","1,850.81","1,845.64","1,854.23","1,843.71","","1.06%"
"11/09/2020","1,831.35","1,837.15","1,840.24","1,817.84","","0.25%"
"10/09/2020","1,826.84","1,848.85","1,850.51","1,822.56","","-0.82%"
"09/09/2020","1,841.86","1,836.20","1,849.15","1,833.32","","1.20%"
"08/09/2020","1,819.95","1,822.16","1,833.32","1,816.45","","-1.14%"
"04/09/2020","1,840.95","1,845.72","1,849.70","1,813.03","","-0.09%"
"03/09/2020","1,842.54","1,860.57","1,861.24","1,834.64","","-1.00%"
"02/09/2020","1,861.07","1,859.41","1,861.56","1,858.36","","0.17%"
"01/09/2020","1,857.86","1,854.90","1,857.91","1,853.85","","0.57%"
"31/08/2020","1,847.36","1,855.95","1,856.72","1,847.36","","-0.50%"
"28/08/2020","1,856.70","1,852.17","1,856.84","1,849.49","","0.29%"
"27/08/2020","1,851.37","1,852.86","1,853.96","1,845.18","","0.02%"
"26/08/2020","1,851.00","1,848.99","1,852.19","1,848.27","","0.17%"
"25/08/2020","1,847.85","1,846.36","1,847.93","1,843.15","","0.14%"
"24/08/2020","1,845.33","1,843.75","1,845.33","1,840.69","","0.44%"
"21/08/2020","1,837.28","1,832.77","1,837.86","1,832.61","","0.20%"
"20/08/2020","1,833.57","1,833.27","1,833.58","1,833.27","","0.02%"
"19/08/2020","1,833.23","1,833.43","1,833.46","1,833.18","","0.00%"
"18/08/2020","1,833.30","1,833.28","1,833.38","1,832.97","","0.01%"
"17/08/2020","1,833.18","1,832.82","1,833.18","1,832.81","","0.04%"
"14/08/2020","1,832.37","1,831.02","1,832.37","1,830.91","","0.06%"
"13/08/2020","1,831.33","1,830.56","1,831.73","1,830.42","","0.03%"
"12/08/2020","1,830.72","1,829.47","1,830.87","1,829.18","","0.28%"
"11/08/2020","1,825.67","1,829.95","1,830.18","1,824.39","","-0.17%"
"10/08/2020","1,828.74","1,827.69","1,828.86","1,825.46","","0.11%"
"07/08/2020","1,826.76","1,824.16","1,826.76","1,823.73","","0.06%"
"06/08/2020","1,825.67","1,822.62","1,825.67","1,821.85","","0.16%"
"05/08/2020","1,822.70","1,821.13","1,823.15","1,821.07","","0.21%"
"04/08/2020","1,818.84","1,815.36","1,818.84","1,814.88","","0.16%"
"03/08/2020","1,815.87","1,813.70","1,816.47","1,812.79","","0.28%"
"31/07/2020","1,810.74","1,808.41","1,810.74","1,796.69","","0.43%"
"30/07/2020","1,803.01","1,796.51","1,804.49","1,789.26","","-0.20%"
"29/07/2020","1,806.65","1,799.44","1,807.74","1,799.27","","0.62%"
"28/07/2020","1,795.56","1,799.23","1,802.43","1,794.41","","-0.25%"
"27/07/2020","1,800.00","1,793.04","1,800.43","1,791.84","","0.49%"
"24/07/2020","1,791.25","1,786.83","1,791.99","1,782.78","","-0.13%"
"23/07/2020","1,793.50","1,802.40","1,804.34","1,789.08","","-0.52%"
"22/07/2020","1,802.82","1,796.97","1,803.22","1,796.32","","0.32%"
"21/07/2020","1,797.08","1,801.04","1,802.70","1,794.80","","0.01%"
"20/07/2020","1,796.88","1,789.06","1,798.13","1,786.30","","0.55%"
"17/07/2020","1,787.13","1,784.99","1,788.93","1,784.17","","0.18%"
"16/07/2020","1,783.99","1,783.12","1,783.99","1,782.51","","0.05%"
"15/07/2020","1,783.07","1,782.16","1,783.21","1,779.76","","0.25%"
"14/07/2020","1,778.68","1,767.50","1,779.10","1,762.74","","0.52%"
"13/07/2020","1,769.44","1,779.27","1,780.41","1,767.70","","-0.35%"
"10/07/2020","1,775.60","1,766.80","1,775.60","1,761.61","","0.55%"
"09/07/2020","1,765.88","1,771.58","1,771.58","1,753.28","","-0.14%"
"08/07/2020","1,768.44","1,763.48","1,768.55","1,758.26","","0.44%"
"07/07/2020","1,760.71","1,764.10","1,768.94","1,759.45","","-0.34%"
"06/07/2020","1,766.66","1,765.55","1,767.17","1,763.72","","0.57%"
"02/07/2020","1,756.60","1,759.19","1,762.30","1,752.30","","0.52%"
"01/07/2020","1,747.45","1,743.03","1,750.89","1,741.00","","0.46%"
"30/06/2020","1,739.40","1,721.45","1,742.65","1,720.85","","0.99%"
"29/06/2020","1,722.41","1,707.67","1,722.41","1,696.56","","1.39%"
"26/06/2020","1,698.82","1,724.24","1,724.39","1,696.71","","-1.60%"
"25/06/2020","1,726.43","1,709.19","1,727.26","1,700.92","","0.87%"
"24/06/2020","1,711.52","1,731.39","1,733.55","1,702.49","","-1.47%"
"23/06/2020","1,737.08","1,741.41","1,744.21","1,735.54","","0.28%"
"22/06/2020","1,732.29","1,722.08","1,732.74","1,717.49","","0.61%"
"19/06/2020","1,721.81","1,732.58","1,732.58","1,716.14","","-0.66%"
"18/06/2020","1,733.33","1,733.24","1,733.35","1,733.24","","0.01%"
"17/06/2020","1,733.23","1,733.16","1,733.31","1,733.08","","0.02%"
"16/06/2020","1,732.97","1,732.66","1,733.05","1,731.48","","0.07%"
"15/06/2020","1,731.75","1,724.11","1,731.75","1,722.34","","0.22%"
"12/06/2020","1,727.89","1,728.20","1,729.70","1,717.97","","0.49%"
"11/06/2020","1,719.49","1,730.12","1,731.13","1,717.11","","-0.73%"
"10/06/2020","1,732.12","1,732.06","1,732.38","1,730.74","","0.01%"
"09/06/2020","1,731.92","1,731.92","1,732.18","1,731.78","","-0.01%"
"08/06/2020","1,732.17","1,731.93","1,732.17","1,731.80","","0.03%"
"05/06/2020","1,731.71","1,731.43","1,731.79","1,731.31","","0.11%"
"04/06/2020","1,729.74","1,729.25","1,730.57","1,728.73","","0.01%"
"03/06/2020","1,729.56","1,727.87","1,729.86","1,727.63","","0.19%"
"02/06/2020","1,726.36","1,724.43","1,726.64","1,723.67","","0.16%"
"01/06/2020","1,723.54","1,719.56","1,723.79","1,719.47","","0.12%"
"29/05/2020","1,721.44","1,716.85","1,722.15","1,715.65","","0.19%"
"28/05/2020","1,718.22","1,719.87","1,722.23","1,716.75","","-0.07%"
"27/05/2020","1,719.41","1,718.89","1,719.59","1,710.13","","0.29%"
"26/05/2020","1,714.41","1,717.72","1,718.02","1,713.92","","0.43%"
"22/05/2020","1,707.04","1,703.97","1,707.40","1,701.19","","0.18%"
"21/05/2020","1,703.97","1,707.98","1,709.30","1,700.57","","-0.22%"
"20/05/2020","1,707.79","1,706.14","1,708.74","1,704.51","","0.70%"
"19/05/2020","1,695.99","1,701.02","1,705.55","1,695.99","","-0.36%"
"18/05/2020","1,702.11","1,699.36","1,704.96","1,698.22","","1.27%"
"15/05/2020","1,680.84","1,670.43","1,681.03","1,670.09","","0.54%"
"14/05/2020","1,671.82","1,646.08","1,671.82","1,631.59","","1.00%"
"13/05/2020","1,655.20","1,665.56","1,668.15","1,642.83","","-0.59%"
"12/05/2020","1,665.02","1,674.21","1,674.31","1,665.02","","-0.44%"
"11/05/2020","1,672.42","1,667.61","1,673.84","1,667.37","","0.18%"
"08/05/2020","1,669.39","1,665.76","1,669.57","1,664.08","","0.72%"
"07/05/2020","1,657.46","1,657.61","1,661.18","1,655.96","","0.71%"
"06/05/2020","1,645.74","1,655.03","1,656.04","1,645.74","","-0.17%"
"05/05/2020","1,648.48","1,648.36","1,656.24","1,647.50","","0.56%"
"04/05/2020","1,639.38","1,625.75","1,639.38","1,622.06","","0.55%"
"01/05/2020","1,630.39","1,635.20","1,637.86","1,624.96","","-1.08%"
"30/04/2020","1,648.18","1,650.30","1,651.84","1,642.99","","-0.35%"
"29/04/2020","1,653.93","1,650.86","1,656.11","1,649.97","","1.00%"
"28/04/2020","1,637.48","1,650.47","1,650.47","1,634.41","","-0.20%"
"27/04/2020","1,640.75","1,633.05","1,642.55","1,632.58","","0.95%"
"24/04/2020","1,625.36","1,613.91","1,626.27","1,606.47","","1.24%"
"23/04/2020","1,605.40","1,608.47","1,618.77","1,602.98","","0.16%"
"22/04/2020","1,602.80","1,597.40","1,606.75","1,592.32","","1.71%"
"21/04/2020","1,575.88","1,587.80","1,592.64","1,570.89","","-1.74%"
"20/04/2020","1,603.82","1,607.24","1,618.28","1,602.85","","-1.00%"
"17/04/2020","1,619.94","1,609.82","1,621.45","1,608.02","","0.65%"
"16/04/2020","1,609.49","1,609.42","1,609.49","1,609.40","","0.01%"
"15/04/2020","1,609.34","1,609.13","1,609.34","1,609.13","","0.01%"
"14/04/2020","1,609.19","1,609.14","1,609.24","1,609.14","","0.02%"
"13/04/2020","1,608.83","1,607.70","1,608.83","1,606.98","","0.13%"
"09/04/2020","1,606.72","1,604.88","1,606.75","1,604.85","","0.20%"
"08/04/2020","1,603.53","1,599.39","1,603.79","1,596.27","","0.60%"
"07/04/2020","1,593.94","1,599.99","1,603.16","1,593.55","","0.10%"
"06/04/2020","1,592.41","1,586.52","1,595.68","1,584.94","","1.94%"
"03/04/2020","1,562.08","1,564.41","1,570.79","1,552.62","","-0.02%"
"02/04/2020","1,562.38","1,544.28","1,563.13","1,537.97","","1.46%"
"01/04/2020","1,539.94","1,542.11","1,556.57","1,530.62","","-1.68%"
"31/03/2020","1,566.26","1,566.75","1,576.28","1,561.26","","0.06%"
"30/03/2020","1,565.31","1,547.01","1,566.52","1,540.60","","2.05%"
"27/03/2020","1,533.91","1,529.21","1,608.21","1,522.84","","-0.97%"
"26/03/2020","1,548.98","1,533.38","1,551.91","1,530.56","","2.29%"
"25/03/2020","1,514.26","1,508.12","1,538.87","1,497.74","","0.03%"
"24/03/2020","1,513.74","1,495.02","1,515.12","1,487.95","","5.53%"
"23/03/2020","1,434.38","1,448.63","1,468.84","1,402.15","","-1.44%"
"20/03/2020","1,455.37","1,455.37","1,455.37","1,455.37","","-1.69%"
"19/03/2020","1,480.37","1,462.07","2,050.82","1,425.81","","0.16%"
"18/03/2020","1,478.07","1,470.21","2,050.73","1,398.12","","-4.88%"
"17/03/2020","1,553.94","1,503.56","1,777.88","1,454.03","","5.83%"
"16/03/2020","1,468.31","2,050.55","2,050.55","1,451.43","","-11.46%"
"13/03/2020","1,658.43","1,610.26","2,050.28","1,528.04","","9.45%"
"12/03/2020","1,515.21","2,050.20","2,050.20","1,515.21","","-9.84%"
"11/03/2020","1,680.58","1,719.66","1,726.35","1,659.52","","-4.92%"
"10/03/2020","1,767.47","1,743.49","2,050.02","1,675.91","","5.21%"
"09/03/2020","1,679.88","2,049.93","2,049.93","1,671.25","","-7.77%"
"06/03/2020","1,821.36","1,797.20","1,829.93","1,778.41","","-1.75%"
"05/03/2020","1,853.79","1,870.37","1,889.71","1,839.18","","-3.30%"
"04/03/2020","1,917.04","1,877.16","1,917.35","1,860.03","","4.18%"
"03/03/2020","1,840.13","1,888.98","2,049.40","1,824.17","","-2.88%"
"02/03/2020","1,894.79","1,829.58","1,894.79","1,806.21","","4.74%"
"28/02/2020","1,808.96","1,777.12","2,049.05","1,750.81","","-0.87%"
"27/02/2020","1,824.92","1,874.51","1,897.54","1,824.92","","-4.39%"
"26/02/2020","1,908.78","1,928.24","1,947.18","1,905.06","","-0.40%"
"25/02/2020","1,916.49","1,979.67","1,979.67","1,910.16","","-2.67%"
"24/02/2020","1,969.05","1,971.35","1,984.59","1,962.14","","-2.29%"
"21/02/2020","2,015.21","2,018.52","2,019.72","2,011.46","","-0.15%"
"20/02/2020","2,018.14","2,018.09","2,018.23","2,014.67","","0.01%"
"19/02/2020","2,017.90","2,017.64","2,017.99","2,015.31","","0.07%"
"18/02/2020","2,016.58","2,015.47","2,016.76","2,014.22","","0.06%"
"14/02/2020","2,015.46","2,014.67","2,015.49","2,013.70","","0.08%"
"13/02/2020","2,013.79","2,011.36","2,014.67","2,011.21","","-0.02%"
"12/02/2020","2,014.10","2,012.73","2,014.34","2,012.34","","0.23%"
"11/02/2020","2,009.55","2,011.00","2,012.22","2,008.66","","0.08%"
"10/02/2020","2,007.88","1,998.55","2,007.88","1,998.55","","0.37%"
"07/02/2020","2,000.44","2,001.02","2,004.31","1,998.32","","-0.20%"
"06/02/2020","2,004.52","2,002.64","2,004.89","2,000.30","","0.18%"
"05/02/2020","2,000.85","1,998.93","2,001.34","1,993.55","","0.63%"
"04/02/2020","1,988.24","1,985.59","1,991.46","1,983.41","","1.11%"
"03/02/2020","1,966.48","1,964.90","1,976.02","1,963.92","","0.68%"
"31/01/2020","1,953.18","1,976.89","1,977.68","1,946.61","","-1.38%"
"30/01/2020","1,980.60","1,965.40","1,981.15","1,960.78","","0.31%"
"29/01/2020","1,974.44","1,982.43","1,983.46","1,973.25","","-0.07%"
"28/01/2020","1,975.75","1,969.36","1,979.64","1,965.93","","0.79%"
"27/01/2020","1,960.25","1,955.96","1,968.52","1,955.96","","-1.12%"
"24/01/2020","1,982.39","1,995.19","1,995.53","1,975.52","","-0.53%"
"23/01/2020","1,992.86","1,989.12","1,993.10","1,984.65","","0.05%"
"22/01/2020","1,991.86","1,993.80","1,995.99","1,990.98","","0.06%"
"21/01/2020","1,990.71","1,991.19","1,994.33","1,989.83","","-0.13%"
"17/01/2020","1,993.37","1,992.09","1,993.74","1,991.49","","0.10%"
"16/01/2020","1,991.42","1,991.48","1,991.55","1,991.42","","0.01%"
"15/01/2020","1,991.20","1,991.00","1,991.26","1,991.00","","0.02%"
"14/01/2020","1,990.71","1,990.71","1,991.13","1,990.37","","0.00%"
"13/01/2020","1,990.62","1,989.50","1,990.62","1,989.12","","0.14%"
"10/01/2020","1,987.85","1,988.90","1,989.43","1,987.38","","0.00%"
"09/01/2020","1,987.92","1,987.14","1,988.01","1,986.65","","0.20%"
"08/01/2020","1,983.93","1,980.16","1,986.63","1,980.16","","0.15%"
"07/01/2020","1,980.88","1,979.74","1,982.40","1,978.34","","-0.03%"
"06/01/2020","1,981.44","1,971.12","1,981.54","1,971.12","","0.24%"
"03/01/2020","1,976.64","1,973.09","1,979.64","1,973.09","","-0.30%"
"02/01/2020","1,982.53","1,979.65","1,982.53","1,977.11","","0.40%"
"31/12/2019","1,974.62","1,968.25","1,974.81","1,967.91","","0.21%"
"30/12/2019","1,970.58","1,975.65","1,975.84","1,968.69","","-0.22%"
"27/12/2019","1,974.84","1,977.84","1,977.90","1,973.66","","-0.09%"
"26/12/2019","1,976.52","1,974.07","1,976.52","1,973.86","","0.22%"
"24/12/2019","1,972.26","1,972.82","1,972.94","1,971.21","","0.02%"
"23/12/2019","1,971.78","1,972.36","1,972.98","1,971.37","","0.08%"
"20/12/2019","1,970.16","1,971.18","1,971.58","1,970.16","","-0.05%"
"19/12/2019","1,971.09","1,971.10","1,971.15","1,971.09","","0.01%"
"18/12/2019","1,970.94","1,970.83","1,970.97","1,970.83","","0.01%"
"17/12/2019","1,970.65","1,970.43","1,970.70","1,970.39","","0.03%"
"16/12/2019","1,969.98","1,969.99","1,970.29","1,969.91","","0.12%"
"13/12/2019","1,967.66","1,965.35","1,968.33","1,964.69","","0.10%"
"12/12/2019","1,965.68","1,960.51","1,966.22","1,960.20","","0.24%"
"11/12/2019","1,960.90","1,958.91","1,961.32","1,958.24","","0.16%"
"10/12/2019","1,957.78","1,957.65","1,960.25","1,955.62","","0.01%"
"09/12/2019","1,957.60","1,959.66","1,960.89","1,957.60","","-0.10%"
"06/12/2019","1,959.56","1,958.48","1,960.32","1,957.85","","0.39%"
"05/12/2019","1,951.90","1,950.82","1,952.31","1,946.36","","0.16%"
"04/12/2019","1,948.78","1,946.30","1,951.34","1,945.42","","0.36%"
"03/12/2019","1,941.88","1,935.38","1,942.35","1,930.69","","-0.36%"
"02/12/2019","1,948.96","1,957.01","1,957.01","1,946.64","","-0.37%"
"29/11/2019","1,956.28","1,957.54","1,958.11","1,955.80","","-0.11%"
"27/11/2019","1,958.39","1,957.47","1,959.02","1,956.93","","0.13%"
"26/11/2019","1,955.93","1,954.57","1,956.59","1,953.96","","0.11%"
"25/11/2019","1,953.72","1,950.93","1,954.39","1,950.84","","0.41%"
"22/11/2019","1,945.70","1,946.08","1,946.78","1,941.99","","0.15%"
"21/11/2019","1,942.83","1,944.79","1,944.79","1,939.18","","-0.09%"
"20/11/2019","1,944.65","1,945.66","1,947.25","1,937.42","","-0.11%"
"19/11/2019","1,946.81","1,948.78","1,948.78","1,944.72","","-0.01%"
"18/11/2019","1,947.01","1,944.89","1,947.65","1,943.84","","0.06%"
"15/11/2019","1,945.75","1,943.91","1,945.75","1,943.40","","0.11%"
"14/11/2019","1,943.69","1,943.68","1,943.69","1,943.66","","0.01%"
"13/11/2019","1,943.51","1,943.48","1,943.53","1,943.45","","0.01%"
"12/11/2019","1,943.41","1,943.38","1,943.46","1,943.38","","0.01%"
"11/11/2019","1,943.23","1,943.02","1,943.28","1,943.02","","0.02%"
"08/11/2019","1,942.85","1,942.37","1,942.85","1,942.17","","0.03%"
"07/11/2019","1,942.27","1,942.28","1,942.54","1,942.15","","0.03%"
"06/11/2019","1,941.73","1,940.87","1,941.73","1,940.67","","0.05%"
"05/11/2019","1,940.80","1,940.51","1,941.04","1,940.21","","0.02%"
"04/11/2019","1,940.47","1,940.47","1,940.67","1,939.95","","0.08%"
"01/11/2019","1,938.94","1,937.44","1,938.94","1,937.18","","0.23%"
"31/10/2019","1,934.55","1,935.33","1,935.69","1,930.97","","-0.08%"
"30/10/2019","1,936.04","1,933.48","1,936.08","1,931.66","","0.15%"
"29/10/2019","1,933.05","1,932.73","1,934.58","1,932.47","","-0.02%"
"28/10/2019","1,933.44","1,933.11","1,933.96","1,932.95","","0.18%"
"25/10/2019","1,929.89","1,924.63","1,930.31","1,924.63","","0.22%"
"24/10/2019","1,925.63","1,925.89","1,926.31","1,921.96","","0.15%"
"23/10/2019","1,922.83","1,919.68","1,923.61","1,918.41","","0.18%"
"22/10/2019","1,919.39","1,924.03","1,925.01","1,918.70","","-0.13%"
"21/10/2019","1,921.95","1,919.58","1,922.34","1,918.21","","0.42%"
"18/10/2019","1,913.98","1,913.98","1,913.98","1,913.98","","-0.11%"
"17/10/2019","1,916.03","1,917.88","1,919.61","1,911.91","","0.29%"
"16/10/2019","1,910.56","1,908.61","1,913.76","1,906.98","","-0.04%"
"15/10/2019","1,911.33","1,902.41","1,914.24","1,901.96","","0.83%"
"14/10/2019","1,895.66","1,895.47","1,898.38","1,892.28","","0.11%"
"11/10/2019","1,893.58","1,893.52","1,903.42","1,891.12","","0.93%"
"10/10/2019","1,876.13","1,862.89","1,881.11","1,862.89","","0.63%"
"09/10/2019","1,864.39","1,861.49","1,870.85","1,857.71","","0.87%"
"08/10/2019","1,848.35","1,860.49","1,923.01","1,847.26","","-1.43%"
"07/10/2019","1,875.16","1,877.08","1,886.41","1,872.76","","-0.32%"
"04/10/2019","1,881.16","1,865.34","1,881.96","1,864.45","","1.28%"
"03/10/2019","1,857.41","1,840.15","1,858.79","1,823.92","","0.78%"
"02/10/2019","1,843.12","1,862.87","1,862.87","1,834.75","","-1.60%"
"01/10/2019","1,873.10","1,895.12","1,897.13","1,870.73","","-0.92%"
"30/09/2019","1,890.45","1,886.55","1,893.39","1,885.75","","0.51%"
"27/09/2019","1,880.95","1,892.78","1,892.78","1,872.67","","-0.38%"
"26/09/2019","1,888.17","1,890.06","1,891.85","1,881.55","","-0.12%"
"25/09/2019","1,890.50","1,882.67","1,891.94","1,875.06","","0.47%"
"24/09/2019","1,881.71","1,896.19","1,897.82","1,877.39","","-0.57%"
"23/09/2019","1,892.45","1,865.76","1,895.35","1,864.87","","0.15%"
"20/09/2019","1,889.59","1,866.79","1,889.59","1,866.79","","-0.43%"
"19/09/2019","1,897.74","1,897.75","1,897.89","1,897.67","","0.02%"
"18/09/2019","1,897.43","1,897.23","1,897.49","1,895.41","","0.01%"
"17/09/2019","1,897.18","1,896.99","1,897.18","1,896.94","","0.02%"
"16/09/2019","1,896.76","1,896.46","1,896.86","1,896.38","","0.02%"
"13/09/2019","1,896.30","1,896.30","1,896.55","1,896.02","","0.02%"
"12/09/2019","1,895.84","1,895.81","1,896.30","1,893.72","","0.03%"
"11/09/2019","1,895.35","1,893.92","1,895.47","1,893.79","","0.08%"
"10/09/2019","1,893.86","1,892.18","1,893.86","1,890.71","","0.04%"
"09/09/2019","1,893.07","1,893.40","1,893.50","1,891.56","","0.10%"
"06/09/2019","1,891.27","1,890.71","1,892.32","1,889.96","","0.08%"
"05/09/2019","1,889.79","1,887.36","1,890.52","1,887.36","","0.42%"
"04/09/2019","1,881.82","1,879.68","1,882.57","1,877.09","","0.54%"
"03/09/2019","1,871.77","1,869.83","1,873.74","1,865.60","","-0.10%"
"30/08/2019","1,873.58","1,878.21","1,878.67","1,870.66","","-0.01%"
"29/08/2019","1,873.68","1,872.30","1,875.55","1,868.13","","0.59%"
"28/08/2019","1,862.65","1,851.42","1,863.44","1,847.28","","0.44%"
"27/08/2019","1,854.41","1,863.41","1,865.67","1,850.37","","-0.19%"
"26/08/2019","1,857.96","1,853.95","1,859.60","1,847.28","","0.76%"
"23/08/2019","1,843.94","1,865.74","1,872.84","1,838.49","","-1.43%"
"22/08/2019","1,870.67","1,873.72","1,874.81","1,864.53","","-0.04%"
"21/08/2019","1,871.49","1,871.66","1,872.71","1,869.69","","0.44%"
"20/08/2019","1,863.22","1,867.36","1,869.52","1,861.84","","-0.31%"
"19/08/2019","1,869.00","1,867.62","1,870.35","1,865.16","","0.73%"
"16/08/2019","1,855.51","1,855.51","1,855.51","1,855.51","","0.98%"
"15/08/2019","1,837.49","1,842.17","1,844.98","1,824.92","","0.17%"
"14/08/2019","1,834.36","1,859.42","1,865.17","1,832.55","","-2.90%"
"13/08/2019","1,889.11","1,858.49","1,899.09","1,857.00","","1.48%"
"12/08/2019","1,861.50","1,874.90","1,877.19","1,855.33","","-1.16%"
"09/08/2019","1,883.28","1,889.54","1,893.00","1,871.33","","-0.59%"
"08/08/2019","1,894.39","1,870.10","1,895.62","1,866.97","","1.82%"
"07/08/2019","1,860.61","1,835.29","1,865.42","1,822.88","","0.10%"
"06/08/2019","1,858.84","1,850.25","1,860.29","1,837.00","","1.31%"
"05/08/2019","1,834.75","1,860.88","1,860.88","1,820.02","","-2.74%"
"02/08/2019","1,886.47","1,889.83","1,892.80","1,875.78","","-0.44%"
"01/08/2019","1,894.87","1,910.60","1,919.90","1,889.67","","-0.62%"
"31/07/2019","1,906.70","1,918.23","1,919.49","1,897.81","","-0.56%"
"30/07/2019","1,917.36","1,916.00","1,919.14","1,914.58","","-0.16%"
"29/07/2019","1,920.50","1,921.08","1,921.08","1,918.33","","0.00%"
"26/07/2019","1,920.51","1,917.47","1,921.06","1,917.37","","0.30%"
"25/07/2019","1,914.73","1,917.02","1,917.35","1,911.66","","-0.19%"
"24/07/2019","1,918.38","1,912.21","1,918.74","1,912.12","","0.21%"
"23/07/2019","1,914.45","1,911.22","1,914.58","1,908.60","","0.37%"
"22/07/2019","1,907.44","1,904.60","1,909.32","1,903.05","","0.27%"
"19/07/2019","1,902.32","1,902.32","1,902.32","1,902.32","","-0.30%"
"18/07/2019","1,908.06","1,907.51","1,908.10","1,907.45","","0.04%"
"17/07/2019","1,907.24","1,907.63","1,907.73","1,907.08","","0.00%"
"16/07/2019","1,907.33","1,907.41","1,907.54","1,906.99","","0.01%"
"15/07/2019","1,907.13","1,907.05","1,907.21","1,907.01","","0.04%"
"12/07/2019","1,906.37","1,905.96","1,906.45","1,905.95","","0.06%"
"11/07/2019","1,905.26","1,905.06","1,905.51","1,904.25","","0.05%"
"10/07/2019","1,904.26","1,903.64","1,904.61","1,902.93","","0.15%"
"09/07/2019","1,901.48","1,897.92","1,901.90","1,897.92","","0.05%"
"08/07/2019","1,900.45","1,899.48","1,900.81","1,898.64","","-0.06%"
"05/07/2019","1,901.50","1,899.27","1,901.67","1,895.68","","0.04%"
"03/07/2019","1,900.80","1,898.09","1,901.13","1,897.63","","0.22%"
"02/07/2019","1,896.57","1,892.50","1,897.32","1,891.01","","0.23%"
"01/07/2019","1,892.21","1,893.21","1,894.02","1,888.30","","0.66%"
"28/06/2019","1,879.81","1,877.61","1,883.72","1,875.08","","0.34%"
"27/06/2019","1,873.38","1,872.41","1,875.58","1,870.85","","0.23%"
"26/06/2019","1,869.02","1,873.03","1,875.35","1,867.59","","0.00%"
"25/06/2019","1,868.99","1,879.40","1,879.44","1,868.11","","-0.53%"
"24/06/2019","1,878.89","1,881.32","1,881.61","1,878.37","","0.03%"
"21/06/2019","1,878.42","1,878.42","1,878.42","1,878.42","","-0.16%"
"20/06/2019","1,881.50","1,881.62","1,881.65","1,881.03","","0.03%"
"19/06/2019","1,880.91","1,878.88","1,881.14","1,877.35","","0.14%"
"18/06/2019","1,878.27","1,877.06","1,879.48","1,876.83","","0.25%"
"17/06/2019","1,873.54","1,873.57","1,875.34","1,872.49","","0.14%"
"14/06/2019","1,870.98","1,869.09","1,872.52","1,866.80","","0.06%"
"13/06/2019","1,869.95","1,868.87","1,870.44","1,866.52","","0.26%"
"12/06/2019","1,865.18","1,865.64","1,866.72","1,862.93","","0.01%"
"11/06/2019","1,865.03","1,870.65","1,870.85","1,862.09","","0.05%"
"10/06/2019","1,864.19","1,865.50","1,868.60","1,863.63","","0.25%"
"07/06/2019","1,859.54","1,852.94","1,862.09","1,852.78","","0.66%"
"06/06/2019","1,847.40","1,839.36","1,850.73","1,837.20","","0.47%"
"05/06/2019","1,838.75","1,834.63","1,839.04","1,824.21","","0.74%"
"04/06/2019","1,825.26","1,806.02","1,826.67","1,802.42","","2.02%"
"03/06/2019","1,789.04","1,795.51","1,801.91","1,780.31","","-0.29%"
"31/05/2019","1,794.19","1,799.45","1,804.61","1,792.89","","-1.17%"
"30/05/2019","1,815.34","1,816.78","1,821.42","1,808.64","","0.21%"
"29/05/2019","1,811.49","1,813.35","1,816.56","1,801.33","","-0.52%"
"28/05/2019","1,821.01","1,835.81","1,840.25","1,821.01","","-0.61%"
"24/05/2019","1,832.18","1,836.76","1,838.46","1,828.75","","0.21%"
"23/05/2019","1,828.34","1,832.22","1,832.32","1,820.27","","-0.86%"
"22/05/2019","1,844.13","1,842.95","1,846.90","1,841.48","","-0.09%"
"21/05/2019","1,845.80","1,842.53","1,847.17","1,841.81","","0.62%"
"20/05/2019","1,834.34","1,833.85","1,839.24","1,829.83","","-0.32%"
"17/05/2019","1,840.28","1,840.28","1,840.28","1,840.28","","-1.16%"
"16/05/2019","1,861.87","1,852.25","1,869.16","1,851.25","","0.85%"
"15/05/2019","1,846.14","1,824.06","1,850.12","1,822.11","","0.65%"
"14/05/2019","1,834.23","1,826.56","1,844.82","1,825.07","","0.83%"
"13/05/2019","1,819.11","1,830.51","1,833.30","1,812.15","","-1.94%"
"10/05/2019","1,855.07","1,842.61","1,858.05","1,824.50","","0.63%"
"09/05/2019","1,843.48","1,835.00","1,846.46","1,825.77","","-0.10%"
"08/05/2019","1,845.40","1,846.08","1,852.98","1,842.10","","-0.03%"
"07/05/2019","1,846.02","1,857.19","1,857.39","1,836.11","","-0.96%"
"06/05/2019","1,863.93","1,854.38","1,864.81","1,854.38","","-0.16%"
"03/05/2019","1,866.99","1,864.34","1,867.41","1,864.24","","0.36%"
"02/05/2019","1,860.30","1,859.84","1,862.89","1,853.88","","-0.02%"
"01/05/2019","1,860.59","1,865.84","1,866.55","1,859.40","","-0.18%"
"30/04/2019","1,864.00","1,863.55","1,865.46","1,860.73","","-0.02%"
"29/04/2019","1,864.39","1,863.87","1,865.23","1,863.68","","0.08%"
"26/04/2019","1,862.95","1,860.01","1,863.08","1,858.22","","0.17%"
"25/04/2019","1,859.75","1,858.52","1,861.14","1,855.35","","0.02%"
"24/04/2019","1,859.47","1,860.92","1,861.47","1,858.75","","-0.09%"
"23/04/2019","1,861.12","1,856.82","1,861.71","1,856.49","","0.28%"
"22/04/2019","1,855.95","1,851.48","1,856.34","1,851.19","","0.13%"
"18/04/2019","1,853.54","1,853.54","1,853.54","1,853.54","","0.08%"
"17/04/2019","1,852.01","1,852.01","1,852.03","1,851.96","","0.01%"
"16/04/2019","1,851.82","1,851.89","1,851.91","1,851.77","","0.01%"
"15/04/2019","1,851.68","1,851.62","1,851.70","1,851.52","","0.03%"
"12/04/2019","1,851.17","1,850.99","1,851.18","1,850.92","","0.04%"
"11/04/2019","1,850.44","1,850.32","1,850.57","1,850.09","","0.02%"
"10/04/2019","1,849.99","1,848.98","1,850.05","1,848.75","","0.09%"
"09/04/2019","1,848.40","1,848.53","1,849.02","1,847.87","","-0.05%"
"08/04/2019","1,849.25","1,848.37","1,849.25","1,847.85","","0.05%"
"05/04/2019","1,848.27","1,847.25","1,848.27","1,847.02","","0.11%"
"04/04/2019","1,846.24","1,845.15","1,846.30","1,844.50","","0.08%"
"03/04/2019","1,844.73","1,845.69","1,846.12","1,843.19","","0.03%"
"02/04/2019","1,844.15","1,843.20","1,844.51","1,842.34","","0.06%"
"01/04/2019","1,843.11","1,840.15","1,843.34","1,839.69","","0.44%"
"29/03/2019","1,835.01","1,833.69","1,835.70","1,830.60","","0.37%"
"28/03/2019","1,828.27","1,826.63","1,829.19","1,821.50","","0.29%"
"27/03/2019","1,822.95","1,828.12","1,829.27","1,815.25","","-0.22%"
"26/03/2019","1,826.94","1,825.86","1,829.67","1,821.35","","0.51%"
"25/03/2019","1,817.74","1,815.77","1,821.42","1,811.26","","0.08%"
"22/03/2019","1,816.29","1,831.45","1,832.31","1,815.66","","-0.97%"
"21/03/2019","1,834.13","1,825.44","1,835.34","1,825.44","","0.35%"
"20/03/2019","1,827.79","1,828.05","1,832.75","1,823.51","","-0.12%"
"19/03/2019","1,829.90","1,833.42","1,833.82","1,826.88","","-0.01%"
"18/03/2019","1,830.04","1,828.59","1,830.70","1,826.75","","0.15%"
"15/03/2019","1,827.34","1,827.34","1,827.34","1,827.34","","0.02%"
"14/03/2019","1,826.98","1,826.81","1,827.00","1,826.75","","0.02%"
"13/03/2019","1,826.53","1,826.00","1,826.63","1,825.90","","0.17%"
"12/03/2019","1,823.47","1,823.35","1,824.97","1,823.09","","0.09%"
"11/03/2019","1,821.91","1,811.53","1,822.27","1,811.37","","0.83%"
"08/03/2019","1,806.84","1,796.17","1,808.66","1,794.35","","0.03%"
"07/03/2019","1,806.32","1,811.84","1,812.24","1,801.24","","-0.41%"
"06/03/2019","1,813.70","1,818.07","1,818.30","1,812.18","","-0.24%"
"05/03/2019","1,817.98","1,817.75","1,819.40","1,815.07","","0.03%"
"04/03/2019","1,817.49","1,821.06","1,821.36","1,808.04","","-0.08%"
"01/03/2019","1,818.98","1,817.99","1,819.31","1,814.75","","0.33%"
"28/02/2019","1,813.01","1,825.43","1,825.43","1,812.55","","-0.06%"
"27/02/2019","1,814.05","1,812.23","1,825.31","1,808.07","","0.05%"
"26/02/2019","1,813.20","1,812.17","1,815.38","1,811.91","","-0.02%"
"25/02/2019","1,813.64","1,815.95","1,816.71","1,813.01","","0.09%"
"22/02/2019","1,811.99","1,808.42","1,812.09","1,807.86","","0.31%"
"21/02/2019","1,806.35","1,807.08","1,808.13","1,802.38","","-0.11%"
"20/02/2019","1,808.34","1,806.23","1,809.40","1,804.87","","0.15%"
"19/02/2019","1,805.71","1,800.46","1,807.59","1,800.33","","0.18%"
"15/02/2019","1,802.49","1,802.49","1,802.49","1,802.49","","0.16%"
"14/02/2019","1,799.68","1,799.47","1,799.76","1,799.41","","0.01%"
"13/02/2019","1,799.48","1,799.44","1,799.54","1,799.41","","0.02%"
"12/02/2019","1,799.11","1,798.55","1,799.14","1,798.50","","0.07%"
"11/02/2019","1,797.81","1,797.05","1,797.81","1,795.79","","0.12%"
"08/02/2019","1,795.72","1,791.93","1,795.75","1,789.19","","0.10%"
"07/02/2019","1,793.91","1,794.89","1,795.60","1,789.07","","-0.13%"
"06/02/2019","1,796.33","1,796.13","1,796.50","1,795.25","","0.03%"
"05/02/2019","1,795.88","1,795.34","1,796.15","1,794.56","","0.06%"
"04/02/2019","1,794.75","1,790.48","1,794.78","1,790.11","","0.28%"
"01/02/2019","1,789.76","1,789.05","1,790.78","1,787.70","","0.10%"
"31/01/2019","1,787.92","1,781.53","1,788.60","1,780.68","","0.40%"
"30/01/2019","1,780.87","1,771.77","1,782.80","1,769.17","","0.86%"
"29/01/2019","1,765.67","1,767.80","1,770.00","1,761.23","","-0.06%"
"28/01/2019","1,766.77","1,763.59","1,766.80","1,757.06","","-0.36%"
"25/01/2019","1,773.22","1,771.73","1,775.15","1,770.55","","0.47%"
"24/01/2019","1,764.92","1,760.52","1,765.53","1,757.27","","0.22%"
"23/01/2019","1,761.08","1,763.14","1,765.41","1,748.49","","0.15%"
"22/01/2019","1,758.36","1,767.90","1,767.90","1,751.09","","-0.75%"
"18/01/2019","1,771.67","1,745.43","1,772.19","1,742.15","","0.01%"
"17/01/2019","1,771.41","1,771.36","1,771.41","1,771.36","","0.01%"
"16/01/2019","1,771.24","1,771.15","1,771.24","1,771.15","","0.01%"
"15/01/2019","1,771.00","1,770.65","1,771.00","1,770.65","","0.03%"
"14/01/2019","1,770.39","1,769.53","1,770.59","1,769.44","","0.03%"
"11/01/2019","1,769.94","1,768.50","1,769.98","1,768.21","","0.07%"
"10/01/2019","1,768.74","1,765.88","1,768.83","1,764.85","","0.10%"
"09/01/2019","1,767.02","1,765.98","1,767.41","1,764.41","","0.12%"
"08/01/2019","1,764.97","1,764.47","1,765.30","1,759.87","","0.24%"
"07/01/2019","1,760.82","1,756.57","1,762.61","1,755.04","","0.29%"
"04/01/2019","1,755.77","1,740.52","1,756.20","1,739.62","","1.77%"
"03/01/2019","1,725.30","1,740.97","1,741.37","1,723.40","","-1.26%"
"02/01/2019","1,747.29","1,728.11","1,748.29","1,726.97","","0.44%"
"31/12/2018","1,739.67","1,734.60","1,741.45","1,730.45","","0.75%"
"28/12/2018","1,726.68","1,729.08","1,736.76","1,718.11","","0.22%"
"27/12/2018","1,722.82","1,702.32","1,726.11","1,685.46","","0.35%"
"26/12/2018","1,716.81","1,673.20","1,719.42","1,658.74","","3.32%"
"24/12/2018","1,661.62","1,691.65","1,692.80","1,654.79","","-2.05%"
"21/12/2018","1,696.38","1,696.38","1,696.38","1,696.38","","-1.75%"
"20/12/2018","1,726.55","1,746.11","1,756.89","1,709.26","","-1.62%"
"19/12/2018","1,754.91","1,783.02","1,910.62","1,742.24","","-1.51%"
"18/12/2018","1,781.84","1,795.07","1,801.51","1,770.29","","-0.01%"
"17/12/2018","1,781.96","1,810.35","1,820.18","1,771.40","","-2.04%"
"14/12/2018","1,819.01","1,834.23","1,842.25","1,814.53","","-1.75%"
"13/12/2018","1,851.47","1,857.21","1,862.28","1,843.00","","0.04%"
"12/12/2018","1,850.82","1,861.21","1,869.51","1,847.53","","0.50%"
"11/12/2018","1,841.63","1,860.39","1,861.58","1,831.13","","0.07%"
"10/12/2018","1,840.43","1,833.81","1,845.71","1,804.80","","0.33%"
"07/12/2018","1,834.35","1,865.19","1,873.51","1,828.23","","-1.70%"
"06/12/2018","1,866.11","1,843.68","1,867.23","1,824.15","","-0.01%"
"04/12/2018","1,866.25","1,895.23","1,896.21","1,864.54","","-1.58%"
"03/12/2018","1,896.23","1,896.68","1,896.93","1,891.78","","0.76%"
"30/11/2018","1,882.00","1,877.38","1,885.29","1,876.26","","0.23%"
"29/11/2018","1,877.61","1,876.49","1,882.23","1,870.12","","-0.10%"
"28/11/2018","1,879.48","1,861.81","1,879.48","1,857.40","","1.19%"
"27/11/2018","1,857.31","1,847.12","1,857.55","1,844.18","","0.20%"
"26/11/2018","1,853.69","1,843.29","1,854.84","1,841.93","","1.36%"
"23/11/2018","1,828.82","1,827.07","1,837.25","1,826.61","","-0.47%"
"21/11/2018","1,837.46","1,839.98","1,847.09","1,835.99","","0.31%"
"20/11/2018","1,831.78","1,834.61","1,843.60","1,824.71","","-1.20%"
"19/11/2018","1,854.12","1,869.64","1,870.92","1,849.40","","-0.88%"
"16/11/2018","1,870.62","1,867.39","1,873.05","1,865.32","","-0.22%"
"15/11/2018","1,874.68","1,843.26","1,878.32","1,834.47","","1.03%"
"14/11/2018","1,855.62","1,883.81","1,884.57","1,844.01","","-0.66%"
"13/11/2018","1,868.04","1,876.39","1,887.93","1,862.89","","-0.12%"
"12/11/2018","1,870.34","1,897.40","1,897.40","1,866.77","","-1.44%"
"09/11/2018","1,897.63","1,901.10","1,901.58","1,889.94","","-0.36%"
"08/11/2018","1,904.46","1,903.73","1,906.04","1,900.68","","0.01%"
"07/11/2018","1,904.28","1,892.98","1,905.38","1,891.16","","1.34%"
"06/11/2018","1,879.07","1,870.21","1,881.78","1,870.21","","0.46%"
"05/11/2018","1,870.55","1,864.44","1,873.23","1,858.43","","0.57%"
"02/11/2018","1,860.03","1,874.11","1,877.13","1,846.78","","-0.45%"
"01/11/2018","1,868.44","1,857.90","1,869.54","1,850.48","","0.94%"
"31/10/2018","1,850.96","1,849.38","1,864.25","1,846.60","","0.97%"
"30/10/2018","1,833.24","1,807.28","1,836.29","1,806.62","","1.38%"
"29/10/2018","1,808.23","1,838.97","1,846.62","1,782.96","","-0.43%"
"26/10/2018","1,816.02","1,819.14","1,836.86","1,796.99","","-1.51%"
"25/10/2018","1,843.83","1,830.33","1,852.58","1,823.02","","1.57%"
"24/10/2018","1,815.25","1,861.92","1,863.84","1,813.09","","-2.51%"
"23/10/2018","1,861.95","1,846.29","1,868.30","1,837.29","","-0.43%"
"22/10/2018","1,869.98","1,877.26","1,878.25","1,865.65","","-0.11%"
"19/10/2018","1,872.03","1,872.03","1,872.03","1,872.03","","-0.13%"
"18/10/2018","1,874.38","1,893.16","1,898.74","1,864.33","","-1.40%"
"17/10/2018","1,901.07","1,900.29","1,906.08","1,882.76","","-0.03%"
"16/10/2018","1,901.70","1,874.33","1,905.19","1,872.30","","2.15%"
"15/10/2018","1,861.59","1,868.77","1,878.24","1,858.61","","-0.52%"
"12/10/2018","1,871.34","1,875.71","1,878.01","1,846.74","","1.35%"
"11/10/2018","1,846.33","1,880.40","1,890.45","1,833.10","","-2.15%"
"10/10/2018","1,886.89","1,942.73","1,942.73","1,878.36","","-3.12%"
"09/10/2018","1,947.63","1,947.29","1,955.48","1,943.12","","-0.09%"
"08/10/2018","1,949.44","1,943.76","1,951.78","1,934.62","","0.05%"
"05/10/2018","1,948.40","1,957.74","1,960.35","1,937.81","","-0.36%"
"04/10/2018","1,955.40","1,964.23","1,964.23","1,945.95","","-0.58%"
"03/10/2018","1,966.89","1,969.46","1,970.95","1,964.73","","0.06%"
"02/10/2018","1,965.73","1,965.43","1,968.58","1,964.04","","0.00%"
"01/10/2018","1,965.66","1,966.87","1,969.38","1,963.08","","0.26%"
"28/09/2018","1,960.52","1,957.64","1,962.45","1,956.86","","0.03%"
"27/09/2018","1,959.90","1,958.72","1,964.30","1,957.40","","0.21%"
"26/09/2018","1,955.83","1,960.50","1,965.14","1,954.00","","-0.15%"
"25/09/2018","1,958.73","1,961.40","1,961.98","1,958.02","","-0.06%"
"24/09/2018","1,959.84","1,959.50","1,961.26","1,956.62","","-0.13%"
"21/09/2018","1,962.32","1,962.32","1,962.32","1,962.32","","-0.12%"
"20/09/2018","1,964.75","1,964.48","1,964.75","1,964.45","","0.02%"
"19/09/2018","1,964.38","1,964.09","1,964.17","1,964.05","","0.01%"
"18/09/2018","1,964.11","1,963.43","1,963.91","1,963.43","","0.07%"
"17/09/2018","1,962.79","1,963.52","1,963.55","1,962.24","","-0.03%"
"14/09/2018","1,963.31","1,963.02","1,963.19","1,962.69","","0.02%"
"13/09/2018","1,962.94","1,962.03","1,962.78","1,962.02","","0.08%"
"12/09/2018","1,961.29","1,960.63","1,961.33","1,959.77","","0.03%"
"11/09/2018","1,960.76","1,956.79","1,960.67","1,956.17","","0.13%"
"10/09/2018","1,958.22","1,957.73","1,958.59","1,957.10","","0.16%"
"07/09/2018","1,955.02","1,952.71","1,956.38","1,951.84","","-0.01%"
"06/09/2018","1,955.19","1,956.80","1,957.35","1,951.98","","-0.08%"
"05/09/2018","1,956.71","1,956.59","1,957.35","1,954.10","","-0.03%"
"04/09/2018","1,957.32","1,956.52","1,957.43","1,954.62","","0.05%"
"31/08/2018","1,956.40","1,955.25","1,956.84","1,954.59","","0.04%"
"30/08/2018","1,955.53","1,956.95","1,957.44","1,954.46","","-0.11%"
"29/08/2018","1,957.67","1,956.33","1,957.78","1,956.05","","0.10%"
"28/08/2018","1,955.79","1,956.33","1,956.54","1,955.22","","0.01%"
"27/08/2018","1,955.65","1,953.91","1,955.64","1,953.63","","0.23%"
"24/08/2018","1,951.23","1,949.68","1,951.73","1,949.34","","0.20%"
"23/08/2018","1,947.31","1,947.71","1,950.14","1,946.05","","-0.04%"
"22/08/2018","1,948.06","1,946.36","1,949.10","1,945.60","","0.05%"
"21/08/2018","1,947.12","1,947.37","1,949.59","1,946.54","","0.06%"
"20/08/2018","1,945.87","1,945.19","1,946.57","1,944.22","","0.14%"
"17/08/2018","1,943.18","1,943.18","1,943.18","1,943.18","","0.13%"
"16/08/2018","1,940.61","1,940.30","1,940.75","1,940.23","","0.17%"
"15/08/2018","1,937.31","1,936.96","1,938.04","1,931.22","","-0.09%"
"14/08/2018","1,939.13","1,937.28","1,939.34","1,936.31","","0.24%"
"13/08/2018","1,934.48","1,936.42","1,937.90","1,933.27","","-0.05%"
"10/08/2018","1,935.42","1,935.87","1,936.94","1,933.66","","-0.16%"
"09/08/2018","1,938.43","1,938.71","1,939.06","1,938.31","","-0.01%"
"08/08/2018","1,938.63","1,938.09","1,938.77","1,937.68","","0.03%"
"07/08/2018","1,938.13","1,937.51","1,938.18","1,937.44","","0.07%"
"06/08/2018","1,936.75","1,934.50","1,936.95","1,934.33","","0.12%"
"03/08/2018","1,934.37","1,931.43","1,934.44","1,931.29","","0.18%"
"02/08/2018","1,930.81","1,919.74","1,931.29","1,919.49","","0.24%"
"01/08/2018","1,926.17","1,927.94","1,929.70","1,923.37","","-0.02%"
"31/07/2018","1,926.63","1,925.04","1,928.50","1,923.48","","0.28%"
"30/07/2018","1,921.30","1,926.28","1,926.60","1,918.85","","-0.21%"
"27/07/2018","1,925.32","1,929.65","1,929.86","1,920.48","","-0.17%"
"26/07/2018","1,928.68","1,928.72","1,930.00","1,927.82","","-0.05%"
"25/07/2018","1,929.72","1,924.33","1,930.35","1,924.26","","0.26%"
"24/07/2018","1,924.64","1,925.71","1,927.20","1,921.35","","0.18%"
"23/07/2018","1,921.12","1,918.49","1,922.40","1,916.55","","0.15%"
"20/07/2018","1,918.25","1,918.25","1,918.25","1,918.25","","-0.09%"
"19/07/2018","1,919.90","1,919.74","1,919.92","1,919.33","","0.01%"
"18/07/2018","1,919.68","1,919.38","1,919.71","1,919.33","","0.03%"
"17/07/2018","1,919.15","1,916.94","1,919.27","1,916.94","","0.06%"
"16/07/2018","1,917.95","1,917.50","1,917.95","1,916.60","","0.06%"
"13/07/2018","1,916.86","1,915.58","1,917.07","1,914.81","","0.07%"
"12/07/2018","1,915.54","1,913.15","1,915.72","1,911.56","","0.33%"
"11/07/2018","1,909.31","1,908.96","1,911.53","1,907.61","","-0.23%"
"10/07/2018","1,913.68","1,912.95","1,913.89","1,911.64","","0.13%"
"09/07/2018","1,911.29","1,906.62","1,911.50","1,906.62","","0.51%"
"06/07/2018","1,901.50","1,889.37","1,902.95","1,888.09","","0.64%"
"05/07/2018","1,889.37","1,885.28","1,890.10","1,877.90","","0.72%"
"03/07/2018","1,875.93","1,887.40","1,888.03","1,874.13","","-0.33%"
"02/07/2018","1,882.21","1,866.82","1,882.80","1,865.71","","0.24%"
"29/06/2018","1,877.72","1,882.47","1,889.12","1,877.72","","0.18%"
"28/06/2018","1,874.43","1,865.38","1,878.69","1,859.59","","0.53%"
"27/06/2018","1,864.49","1,881.23","1,889.27","1,863.90","","-0.70%"
"26/06/2018","1,877.70","1,877.94","1,883.35","1,873.26","","0.21%"
"25/06/2018","1,873.75","1,886.54","1,887.44","1,862.62","","-0.94%"
"22/06/2018","1,891.54","1,895.53","1,895.84","1,891.30","","0.15%"
"21/06/2018","1,888.64","1,895.60","1,895.67","1,886.10","","-0.41%"
"20/06/2018","1,896.33","1,897.37","1,898.59","1,894.43","","0.15%"
"19/06/2018","1,893.57","1,887.67","1,894.29","1,885.25","","-0.22%"
"18/06/2018","1,897.69","1,892.29","1,898.35","1,890.66","","-0.04%"
"15/06/2018","1,898.54","1,898.54","1,898.54","1,898.54","","0.19%"
"14/06/2018","1,894.88","1,894.77","1,894.88","1,894.77","","0.03%"
"13/06/2018","1,894.36","1,894.52","1,894.59","1,891.35","","0.01%"
"12/06/2018","1,894.23","1,894.10","1,894.28","1,894.02","","0.03%"
"11/06/2018","1,893.66","1,893.46","1,893.83","1,893.46","","0.04%"
"08/06/2018","1,892.82","1,891.42","1,892.89","1,891.07","","0.06%"
"07/06/2018","1,891.64","1,892.23","1,892.35","1,890.38","","-0.01%"
"06/06/2018","1,891.89","1,890.24","1,891.89","1,889.51","","0.14%"
"05/06/2018","1,889.27","1,888.85","1,889.62","1,887.17","","0.05%"
"04/06/2018","1,888.30","1,886.62","1,888.51","1,886.45","","0.20%"
"01/06/2018","1,884.54","1,881.36","1,885.07","1,881.36","","0.52%"
"31/05/2018","1,874.72","1,877.84","1,880.18","1,872.24","","-0.28%"
"30/05/2018","1,880.01","1,872.11","1,880.99","1,871.90","","0.80%"
"29/05/2018","1,865.05","1,871.34","1,874.63","1,858.27","","-0.68%"
"25/05/2018","1,877.73","1,878.19","1,879.69","1,876.06","","-0.12%"
"24/05/2018","1,879.91","1,878.16","1,880.15","1,871.59","","-0.01%"
"23/05/2018","1,880.09","1,871.77","1,880.09","1,871.42","","0.18%"
"22/05/2018","1,876.70","1,879.68","1,880.48","1,875.66","","-0.07%"
"21/05/2018","1,878.00","1,877.65","1,879.51","1,875.94","","0.36%"
"18/05/2018","1,871.21","1,871.21","1,871.21","1,871.21","","-0.05%"
"17/05/2018","1,872.18","1,871.92","1,872.20","1,871.85","","0.03%"
"16/05/2018","1,871.70","1,870.63","1,871.85","1,870.59","","0.10%"
"15/05/2018","1,869.88","1,870.15","1,870.23","1,868.22","","-0.06%"
"14/05/2018","1,871.01","1,871.11","1,871.36","1,870.43","","0.04%"
"11/05/2018","1,870.20","1,869.01","1,870.41","1,868.66","","0.08%"
"10/05/2018","1,868.79","1,866.13","1,868.97","1,866.03","","0.24%"
"09/05/2018","1,864.40","1,857.96","1,864.75","1,856.46","","0.50%"
"08/05/2018","1,855.12","1,852.25","1,855.82","1,847.28","","0.14%"
"07/05/2018","1,852.55","1,851.92","1,857.59","1,850.49","","0.16%"
"04/05/2018","1,849.51","1,826.30","1,851.68","1,823.61","","0.97%"
"03/05/2018","1,831.82","1,828.21","1,835.07","1,809.67","","-0.11%"
"02/05/2018","1,833.87","1,840.73","1,845.70","1,830.76","","-0.43%"
"01/05/2018","1,841.81","1,836.10","1,842.93","1,827.28","","0.20%"
"30/04/2018","1,838.22","1,849.56","1,851.42","1,838.22","","-0.41%"
"27/04/2018","1,845.75","1,845.92","1,847.11","1,839.90","","0.18%"
"26/04/2018","1,842.45","1,834.33","1,845.74","1,833.07","","0.71%"
"25/04/2018","1,829.41","1,825.99","1,831.93","1,815.17","","0.17%"
"24/04/2018","1,826.25","1,846.90","1,847.85","1,817.71","","-0.85%"
"23/04/2018","1,841.96","1,843.50","1,846.89","1,837.13","","0.07%"
"20/04/2018","1,840.69","1,840.69","1,840.69","1,840.69","","-0.07%"
"19/04/2018","1,841.89","1,847.77","1,848.87","1,835.08","","-0.58%"
"18/04/2018","1,852.58","1,854.91","1,857.68","1,849.60","","0.11%"
"17/04/2018","1,850.55","1,843.95","1,855.30","1,842.07","","1.00%"
"16/04/2018","1,832.27","1,830.05","1,836.58","1,824.10","","0.83%"
"13/04/2018","1,817.11","1,831.44","1,831.44","1,809.07","","-0.24%"
"12/04/2018","1,821.54","1,816.55","1,827.90","1,815.97","","0.85%"
"11/04/2018","1,806.10","1,805.32","1,818.24","1,804.43","","-0.49%"
"10/04/2018","1,814.95","1,810.50","1,820.15","1,802.43","","1.58%"
"09/04/2018","1,786.68","1,791.26","1,812.88","1,784.80","","0.33%"
"06/04/2018","1,780.72","1,804.90","1,813.80","1,768.07","","-2.04%"
"05/04/2018","1,817.75","1,813.78","1,823.29","1,809.51","","0.67%"
"04/04/2018","1,805.63","1,759.32","1,808.98","1,759.32","","1.11%"
"03/04/2018","1,785.88","1,771.99","1,788.68","1,759.61","","1.32%"
"02/04/2018","1,762.54","1,794.42","1,799.51","1,744.24","","-2.15%"
"29/03/2018","1,801.34","1,788.24","1,810.91","1,781.02","","1.19%"
"28/03/2018","1,780.22","1,785.08","1,794.41","1,769.62","","-0.19%"
"27/03/2018","1,783.63","1,815.85","1,820.43","1,773.23","","-1.53%"
"26/03/2018","1,811.38","1,793.87","1,812.38","1,776.29","","2.20%"
"23/03/2018","1,772.35","1,806.76","1,810.08","1,765.20","","-1.62%"
"22/03/2018","1,801.58","1,825.35","1,830.82","1,800.14","","-2.10%"
"21/03/2018","1,840.28","1,841.96","1,851.57","1,838.81","","-0.04%"
"20/03/2018","1,841.06","1,842.77","1,844.61","1,837.81","","0.12%"
"19/03/2018","1,838.85","1,850.48","1,850.83","1,829.52","","-0.84%"
"16/03/2018","1,854.51","1,854.51","1,854.51","1,854.51","","-0.06%"
"15/03/2018","1,855.59","1,854.81","1,856.15","1,852.93","","0.15%"
"14/03/2018","1,852.78","1,855.54","1,855.54","1,851.08","","-0.07%"
"13/03/2018","1,853.99","1,855.87","1,856.06","1,852.93","","-0.05%"
"12/03/2018","1,854.84","1,854.58","1,855.43","1,854.01","","0.04%"
"09/03/2018","1,854.07","1,849.18","1,854.14","1,847.99","","0.57%"
"08/03/2018","1,843.50","1,841.59","1,844.07","1,836.94","","0.30%"
"07/03/2018","1,838.02","1,827.15","1,839.51","1,825.29","","0.04%"
"06/03/2018","1,837.32","1,837.29","1,838.24","1,829.69","","0.23%"
"05/03/2018","1,833.03","1,811.51","1,835.72","1,809.78","","0.79%"
"02/03/2018","1,818.73","1,798.98","1,821.01","1,791.47","","0.53%"
"01/03/2018","1,809.22","1,826.12","1,832.61","1,799.17","","-0.91%"
"28/02/2018","1,825.77","1,840.27","1,841.66","1,825.23","","-0.50%"
"27/02/2018","1,834.86","1,844.94","1,847.15","1,834.69","","-0.55%"
"26/02/2018","1,845.09","1,840.48","1,846.05","1,839.02","","0.43%"
"23/02/2018","1,837.25","1,825.40","1,837.96","1,823.43","","1.04%"
"22/02/2018","1,818.39","1,820.67","1,829.32","1,815.27","","0.17%"
"21/02/2018","1,815.25","1,822.08","1,834.67","1,812.27","","-0.29%"
"20/02/2018","1,820.57","1,821.96","1,828.65","1,816.36","","-0.25%"
"16/02/2018","1,825.17","1,825.17","1,825.17","1,825.17","","-0.47%"
"15/02/2018","1,833.87","1,823.36","1,836.82","1,805.87","","1.22%"
"14/02/2018","1,811.75","1,778.78","1,813.66","1,778.28","","1.40%"
"13/02/2018","1,786.74","1,771.13","1,791.57","1,769.79","","0.29%"
"12/02/2018","1,781.57","1,774.22","1,792.95","1,759.21","","1.37%"
"09/02/2018","1,757.41","1,749.18","1,769.39","1,699.03","","1.56%"
"08/02/2018","1,730.35","1,798.40","1,798.40","1,730.35","","-3.72%"
"07/02/2018","1,797.16","1,798.13","1,826.57","1,789.74","","-0.25%"
"06/02/2018","1,801.59","1,738.65","1,804.31","1,738.65","","1.67%"
"05/02/2018","1,772.02","1,772.02","1,772.02","1,772.02","","-3.86%"
"02/02/2018","1,843.26","1,861.76","1,862.06","1,841.72","","-1.24%"
"01/02/2018","1,866.33","1,864.05","1,870.36","1,863.98","","0.02%"
"31/01/2018","1,866.00","1,866.77","1,868.04","1,862.37","","0.13%"
"30/01/2018","1,863.51","1,864.29","1,866.70","1,861.30","","-0.31%"
"29/01/2018","1,869.29","1,873.02","1,873.28","1,868.92","","-0.23%"
"26/01/2018","1,873.53","1,870.64","1,873.73","1,870.24","","0.24%"
"25/01/2018","1,869.00","1,870.04","1,870.17","1,866.88","","0.02%"
"24/01/2018","1,868.60","1,870.11","1,870.95","1,864.97","","-0.05%"
"23/01/2018","1,869.47","1,868.40","1,870.14","1,867.69","","0.06%"
"22/01/2018","1,868.43","1,863.23","1,868.67","1,863.06","","0.26%"
"19/01/2018","1,863.54","1,863.54","1,863.54","1,863.54","","0.15%"
"18/01/2018","1,860.73","1,860.73","1,860.75","1,860.72","","0.01%"
"17/01/2018","1,860.56","1,860.62","1,860.63","1,860.48","","0.01%"
"16/01/2018","1,860.31","1,860.57","1,860.59","1,860.20","","0.01%"
"12/01/2018","1,860.17","1,860.16","1,860.26","1,860.12","","0.01%"
"11/01/2018","1,860.07","1,859.95","1,860.13","1,859.92","","0.01%"
"10/01/2018","1,859.82","1,859.56","1,859.85","1,859.31","","0.01%"
"09/01/2018","1,859.61","1,859.60","1,859.79","1,859.53","","0.01%"
"08/01/2018","1,859.46","1,859.03","1,859.48","1,858.94","","0.04%"
"05/01/2018","1,858.71","1,858.38","1,858.75","1,858.14","","0.04%"
"04/01/2018","1,858.04","1,857.48","1,858.44","1,857.37","","0.05%"
"03/01/2018","1,857.06","1,855.07","1,857.20","1,855.07","","0.12%"
"02/01/2018","1,854.80","1,851.55","1,854.80","1,850.93","","0.30%"
"29/12/2017","1,849.34","1,852.21","1,852.21","1,847.11","","-0.10%"
"28/12/2017","1,851.20","1,850.67","1,851.34","1,850.43","","0.07%"
"27/12/2017","1,849.88","1,850.51","1,851.66","1,849.00","","-0.01%"
"26/12/2017","1,850.13","1,849.46","1,850.20","1,849.32","","0.02%"
"22/12/2017","1,849.77","1,849.63","1,850.15","1,848.30","","0.01%"
"21/12/2017","1,849.63","1,849.84","1,850.61","1,848.51","","0.08%"
"20/12/2017","1,848.07","1,850.41","1,850.58","1,846.88","","0.04%"
"19/12/2017","1,847.37","1,850.41","1,850.41","1,847.09","","-0.13%"
"18/12/2017","1,849.72","1,849.54","1,850.45","1,849.23","","0.14%"
"15/12/2017","1,847.12","1,847.12","1,847.12","1,847.12","","0.08%"
"14/12/2017","1,845.62","1,845.76","1,845.78","1,845.60","","0.00%"
"13/12/2017","1,845.66","1,845.62","1,845.68","1,845.61","","0.01%"
"12/12/2017","1,845.54","1,845.47","1,845.56","1,845.47","","0.01%"
"11/12/2017","1,845.39","1,845.26","1,845.41","1,845.26","","0.02%"
"08/12/2017","1,844.97","1,844.52","1,844.98","1,844.50","","0.05%"
"07/12/2017","1,844.13","1,842.77","1,844.22","1,842.52","","0.08%"
"06/12/2017","1,842.64","1,841.92","1,842.92","1,841.92","","0.03%"
"05/12/2017","1,842.07","1,842.04","1,843.45","1,841.97","","0.03%"
"04/12/2017","1,841.47","1,842.87","1,843.48","1,841.47","","0.03%"
"01/12/2017","1,840.89","1,841.61","1,842.00","1,831.87","","-0.04%"
"30/11/2017","1,841.61","1,841.22","1,842.26","1,841.04","","0.07%"
"29/11/2017","1,840.33","1,841.12","1,841.26","1,839.12","","-0.02%"
"28/11/2017","1,840.77","1,838.55","1,840.91","1,838.48","","0.18%"
"27/11/2017","1,837.52","1,837.24","1,838.17","1,836.49","","0.02%"
"24/11/2017","1,837.12","1,836.40","1,837.33","1,836.29","","0.10%"
"22/11/2017","1,835.24","1,835.77","1,836.10","1,834.63","","-0.01%"
"21/11/2017","1,835.46","1,832.74","1,835.75","1,832.74","","0.29%"
"20/11/2017","1,830.10","1,828.42","1,830.92","1,828.13","","0.16%"
"17/11/2017","1,827.26","1,827.26","1,827.26","1,827.26","","-0.02%"
"16/11/2017","1,827.63","1,826.33","1,827.72","1,826.33","","0.31%"
"15/11/2017","1,822.06","1,821.20","1,824.59","1,817.64","","-0.15%"
"14/11/2017","1,824.83","1,823.44","1,825.04","1,820.09","","-0.01%"
"13/11/2017","1,825.02","1,821.96","1,825.38","1,821.68","","0.11%"
"10/11/2017","1,823.06","1,822.17","1,823.34","1,820.74","","0.02%"
"09/11/2017","1,822.76","1,822.19","1,823.47","1,816.09","","-0.12%"
"08/11/2017","1,825.02","1,823.56","1,825.13","1,822.82","","0.07%"
"07/11/2017","1,823.66","1,824.37","1,824.73","1,822.34","","-0.02%"
"06/11/2017","1,824.00","1,822.43","1,824.25","1,822.32","","0.08%"
"03/11/2017","1,822.49","1,820.64","1,822.49","1,819.50","","0.15%"
"02/11/2017","1,819.74","1,818.88","1,820.16","1,814.36","","0.05%"
"01/11/2017","1,818.87","1,819.90","1,820.40","1,817.33","","0.07%"
"31/10/2017","1,817.57","1,817.53","1,818.60","1,816.64","","0.08%"
"30/10/2017","1,816.17","1,816.42","1,818.34","1,814.74","","-0.11%"
"27/10/2017","1,818.08","1,813.42","1,818.33","1,812.60","","0.45%"
"26/10/2017","1,809.94","1,811.58","1,812.83","1,809.16","","0.07%"
"25/10/2017","1,808.61","1,812.10","1,812.57","1,801.77","","-0.25%"
"24/10/2017","1,813.23","1,814.01","1,814.44","1,812.09","","0.05%"
"23/10/2017","1,812.25","1,816.10","1,816.28","1,811.75","","-0.19%"
"20/10/2017","1,815.63","1,815.63","1,815.63","1,815.63","","0.06%"
"19/10/2017","1,814.47","1,814.29","1,814.47","1,814.18","","0.01%"
"18/10/2017","1,814.31","1,814.26","1,814.37","1,814.26","","0.01%"
"17/10/2017","1,814.06","1,814.06","1,814.10","1,813.99","","0.01%"
"16/10/2017","1,813.94","1,813.88","1,814.01","1,813.85","","0.02%"
"13/10/2017","1,813.54","1,813.52","1,813.68","1,813.44","","0.02%"
"12/10/2017","1,813.20","1,813.05","1,813.27","1,812.92","","0.01%"
"11/10/2017","1,813.02","1,812.60","1,813.07","1,812.51","","0.03%"
"10/10/2017","1,812.48","1,812.19","1,812.48","1,811.82","","0.05%"
"09/10/2017","1,811.66","1,812.19","1,812.32","1,811.56","","-0.01%"
"06/10/2017","1,811.88","1,811.79","1,811.92","1,811.01","","0.00%"
"05/10/2017","1,811.88","1,810.88","1,811.94","1,810.88","","0.07%"
"04/10/2017","1,810.54","1,809.89","1,810.69","1,809.60","","0.03%"
"03/10/2017","1,810.06","1,809.66","1,810.24","1,809.29","","0.03%"
"02/10/2017","1,809.46","1,807.83","1,809.54","1,807.65","","0.13%"
"29/09/2017","1,807.10","1,804.95","1,807.39","1,804.55","","0.12%"
"28/09/2017","1,805.01","1,802.83","1,805.12","1,802.50","","0.09%"
"27/09/2017","1,803.47","1,803.25","1,804.49","1,799.94","","0.15%"
"26/09/2017","1,800.73","1,801.24","1,802.55","1,799.24","","0.04%"
"25/09/2017","1,799.95","1,800.68","1,802.13","1,796.32","","-0.06%"
"22/09/2017","1,800.97","1,799.51","1,801.70","1,799.51","","0.02%"
"21/09/2017","1,800.55","1,801.54","1,801.79","1,799.17","","-0.07%"
"20/09/2017","1,801.89","1,802.00","1,802.07","1,797.81","","0.04%"
"19/09/2017","1,801.18","1,801.18","1,801.44","1,800.24","","0.04%"
"18/09/2017","1,800.37","1,799.46","1,801.21","1,798.84","","0.12%"
"15/09/2017","1,798.26","1,798.26","1,798.26","1,798.26","","0.05%"
"14/09/2017","1,797.40","1,797.36","1,797.45","1,797.32","","0.01%"
"13/09/2017","1,797.24","1,797.26","1,797.27","1,797.22","","0.01%"
"12/09/2017","1,797.10","1,797.10","1,797.10","1,796.98","","0.01%"
"11/09/2017","1,796.92","1,796.73","1,796.95","1,796.73","","0.17%"
"08/09/2017","1,793.95","1,794.14","1,794.84","1,793.36","","-0.05%"
"07/09/2017","1,794.83","1,794.76","1,795.02","1,793.87","","0.02%"
"06/09/2017","1,794.45","1,793.89","1,794.85","1,792.85","","0.14%"
"05/09/2017","1,792.03","1,794.03","1,794.21","1,788.80","","-0.13%"
"01/09/2017","1,794.42","1,794.24","1,794.87","1,793.91","","0.06%"
"31/08/2017","1,793.41","1,792.19","1,793.78","1,792.08","","0.15%"
"30/08/2017","1,790.81","1,788.25","1,791.29","1,787.36","","0.16%"
"29/08/2017","1,787.90","1,780.86","1,788.75","1,780.86","","0.04%"
"28/08/2017","1,787.19","1,788.00","1,788.15","1,785.26","","0.08%"
"25/08/2017","1,785.70","1,785.59","1,787.74","1,784.59","","0.18%"
"24/08/2017","1,782.54","1,784.95","1,785.66","1,780.87","","-0.06%"
"23/08/2017","1,783.60","1,782.83","1,785.24","1,782.60","","-0.13%"
"22/08/2017","1,786.00","1,780.00","1,786.45","1,780.00","","0.51%"
"21/08/2017","1,776.91","1,774.31","1,777.95","1,771.83","","0.18%"
"18/08/2017","1,773.76","1,773.76","1,773.76","1,773.76","","-0.33%"
"17/08/2017","1,779.59","1,799.54","1,801.81","1,779.41","","-1.23%"
"16/08/2017","1,801.81","1,802.79","1,803.00","1,800.05","","0.14%"
"15/08/2017","1,799.31","1,799.71","1,800.63","1,797.26","","0.08%"
"14/08/2017","1,797.83","1,794.54","1,798.86","1,794.54","","0.75%"
"11/08/2017","1,784.37","1,782.91","1,787.52","1,781.52","","0.21%"
"10/08/2017","1,780.67","1,793.26","1,794.47","1,780.23","","-0.94%"
"09/08/2017","1,797.54","1,793.76","1,798.52","1,792.52","","-0.01%"
"08/08/2017","1,797.71","1,798.99","1,801.59","1,796.17","","-0.11%"
"07/08/2017","1,799.72","1,798.43","1,799.79","1,798.21","","0.10%"
"04/08/2017","1,797.93","1,797.86","1,798.56","1,796.25","","0.11%"
"03/08/2017","1,795.87","1,796.83","1,797.23","1,795.03","","-0.06%"
"02/08/2017","1,796.96","1,797.07","1,797.33","1,793.12","","0.04%"
"01/08/2017","1,796.33","1,796.22","1,796.52","1,794.47","","0.14%"
"31/07/2017","1,793.76","1,795.30","1,795.67","1,792.66","","0.02%"
"28/07/2017","1,793.41","1,792.16","1,793.99","1,790.15","","-0.03%"
"27/07/2017","1,794.02","1,796.07","1,796.58","1,787.98","","-0.05%"
"26/07/2017","1,794.85","1,795.07","1,795.48","1,794.05","","0.03%"
"25/07/2017","1,794.33","1,794.88","1,795.36","1,793.75","","0.09%"
"24/07/2017","1,792.68","1,791.54","1,793.12","1,790.44","","0.05%"
"21/07/2017","1,791.85","1,791.85","1,791.85","1,791.85","","0.09%"
"20/07/2017","1,790.22","1,790.20","1,790.26","1,790.13","","0.00%"
"19/07/2017","1,790.14","1,789.99","1,790.17","1,789.99","","0.02%"
"18/07/2017","1,789.81","1,789.41","1,789.81","1,789.37","","0.01%"
"17/07/2017","1,789.55","1,789.53","1,789.68","1,789.49","","0.02%"
"14/07/2017","1,789.21","1,788.43","1,789.32","1,788.34","","0.06%"
"13/07/2017","1,788.17","1,787.17","1,788.30","1,787.17","","0.05%"
"12/07/2017","1,787.20","1,785.76","1,787.31","1,785.76","","0.27%"
"11/07/2017","1,782.31","1,781.86","1,783.34","1,776.39","","0.01%"
"10/07/2017","1,782.15","1,779.53","1,783.41","1,779.53","","0.12%"
"07/07/2017","1,780.02","1,775.62","1,780.61","1,775.10","","0.44%"
"06/07/2017","1,772.24","1,776.83","1,777.98","1,771.17","","-0.45%"
"05/07/2017","1,780.19","1,779.45","1,780.89","1,775.83","","0.12%"
"03/07/2017","1,778.03","1,780.32","1,781.25","1,776.81","","0.13%"
"30/06/2017","1,775.68","1,777.27","1,778.67","1,774.42","","0.14%"
"29/06/2017","1,773.19","1,780.81","1,781.03","1,765.46","","-0.41%"
"28/06/2017","1,780.51","1,777.88","1,781.14","1,776.70","","0.41%"
"27/06/2017","1,773.29","1,778.80","1,780.20","1,773.29","","-0.36%"
"26/06/2017","1,779.68","1,780.49","1,781.64","1,778.42","","0.08%"
"23/06/2017","1,778.25","1,776.70","1,778.84","1,775.36","","0.11%"
"22/06/2017","1,776.32","1,775.91","1,777.91","1,774.80","","0.03%"
"21/06/2017","1,775.76","1,776.72","1,777.31","1,773.83","","0.01%"
"20/06/2017","1,775.60","1,778.41","1,778.52","1,775.23","","-0.22%"
"19/06/2017","1,779.55","1,778.88","1,779.77","1,778.14","","0.28%"
"16/06/2017","1,774.53","1,774.53","1,774.53","1,774.53","","0.14%"
"15/06/2017","1,772.05","1,771.82","1,772.18","1,771.77","","0.01%"
"14/06/2017","1,771.95","1,771.98","1,772.04","1,771.83","","0.00%"
"13/06/2017","1,771.90","1,771.58","1,771.94","1,771.58","","0.06%"
"12/06/2017","1,770.87","1,770.63","1,770.91","1,769.53","","0.03%"
"09/06/2017","1,770.36","1,771.17","1,771.58","1,768.39","","-0.02%"
"08/06/2017","1,770.66","1,770.38","1,770.88","1,770.00","","0.04%"
"07/06/2017","1,769.96","1,769.76","1,770.05","1,769.08","","0.04%"
"06/06/2017","1,769.30","1,769.23","1,769.97","1,769.04","","-0.03%"
"05/06/2017","1,769.82","1,769.54","1,770.06","1,769.44","","0.03%"
"02/06/2017","1,769.35","1,768.53","1,769.48","1,768.01","","0.06%"
"01/06/2017","1,768.30","1,766.73","1,768.34","1,766.44","","0.15%"
"31/05/2017","1,765.72","1,766.43","1,766.54","1,764.01","","-0.01%"
"30/05/2017","1,765.90","1,764.67","1,766.35","1,764.67","","0.03%"
"26/05/2017","1,765.39","1,764.76","1,765.65","1,764.38","","0.03%"
"25/05/2017","1,764.79","1,763.71","1,765.53","1,763.48","","0.11%"
"24/05/2017","1,762.88","1,761.43","1,763.25","1,760.50","","0.13%"
"23/05/2017","1,760.64","1,760.23","1,761.09","1,759.00","","0.09%"
"22/05/2017","1,759.03","1,755.87","1,759.40","1,755.87","","0.36%"
"19/05/2017","1,752.72","1,752.72","1,752.72","1,752.72","","-0.02%"
"18/05/2017","1,752.99","1,748.69","1,753.32","1,748.25","","0.32%"
"17/05/2017","1,747.44","1,752.36","1,752.36","1,747.03","","-0.33%"
"16/05/2017","1,753.16","1,753.18","1,753.29","1,753.09","","0.01%"
"15/05/2017","1,753.00","1,752.82","1,753.15","1,752.82","","0.04%"
"12/05/2017","1,752.28","1,751.77","1,752.39","1,751.51","","0.04%"
"11/05/2017","1,751.63","1,751.71","1,751.90","1,750.20","","-0.01%"
"10/05/2017","1,751.89","1,751.40","1,751.96","1,751.40","","0.02%"
"09/05/2017","1,751.55","1,748.47","1,751.55","1,747.89","","0.00%"
"08/05/2017","1,751.58","1,747.75","1,748.37","1,747.75","","0.12%"
"05/05/2017","1,749.53","1,746.23","1,746.49","1,745.52","","0.05%"
"04/05/2017","1,748.64","1,745.12","1,745.49","1,743.41","","0.04%"
"03/05/2017","1,747.98","1,743.98","1,745.10","1,742.90","","-0.02%"
"02/05/2017","1,748.26","1,745.41","1,745.41","1,744.44","","0.00%"
"01/05/2017","1,748.31","1,743.93","1,745.57","1,743.56","","0.12%"
"28/04/2017","1,746.14","1,744.12","1,744.12","1,742.51","","-0.05%"
"27/04/2017","1,747.01","1,743.35","1,744.02","1,742.04","","0.04%"
"26/04/2017","1,746.28","1,743.10","1,744.51","1,742.54","","0.00%"
"25/04/2017","1,746.25","1,742.31","1,744.04","1,742.16","","0.18%"
"24/04/2017","1,743.09","1,738.49","1,740.88","1,737.43","","0.75%"
"21/04/2017","1,730.03","1,726.81","1,726.81","1,726.81","","-0.16%"
"20/04/2017","1,732.84","1,723.91","1,736.78","1,721.77","","0.78%"
"19/04/2017","1,719.39","1,727.96","1,730.06","1,717.56","","-0.15%"
"18/04/2017","1,721.94","1,720.58","1,725.95","1,716.46","","-0.30%"
"17/04/2017","1,727.07","1,717.10","1,727.47","1,715.34","","0.85%"
"13/04/2017","1,712.55","1,719.02","1,725.94","1,711.49","","-0.62%"
"12/04/2017","1,723.30","1,725.43","1,728.45","1,720.95","","-0.32%"
"11/04/2017","1,728.76","1,727.06","1,729.38","1,717.91","","-0.09%"
"10/04/2017","1,730.39","1,730.05","1,735.20","1,726.74","","0.09%"
"07/04/2017","1,728.80","1,727.59","1,732.70","1,724.87","","-0.04%"
"06/04/2017","1,729.44","1,726.20","1,732.90","1,724.14","","0.23%"
"05/04/2017","1,725.48","1,734.34","1,738.35","1,722.91","","-0.26%"
"04/04/2017","1,730.05","1,726.04","1,731.30","1,724.24","","0.09%"
"03/04/2017","1,728.41","1,730.73","1,731.13","1,719.58","","-0.07%"
"31/03/2017","1,729.66","1,730.14","1,733.08","1,729.33","","-0.12%"
"30/03/2017","1,731.73","1,727.61","1,732.79","1,726.69","","0.20%"
"29/03/2017","1,728.21","1,724.16","1,729.31","1,723.65","","0.12%"
"28/03/2017","1,726.09","1,715.06","1,728.26","1,714.51","","0.56%"
"27/03/2017","1,716.43","1,703.74","1,718.08","1,703.45","","-0.01%"
"24/03/2017","1,716.65","1,719.48","1,722.35","1,710.47","","0.01%"
"23/03/2017","1,716.44","1,716.40","1,723.10","1,714.31","","-0.10%"
"22/03/2017","1,718.14","1,715.31","1,720.09","1,712.04","","0.13%"
"21/03/2017","1,715.87","1,733.01","1,733.45","1,714.88","","-0.81%"
"20/03/2017","1,729.82","1,730.37","1,732.21","1,728.24","","-0.03%"
"17/03/2017","1,730.41","1,730.41","1,730.41","1,730.41","","-0.03%"
"16/03/2017","1,730.98","1,731.04","1,731.15","1,730.87","","0.01%"
"15/03/2017","1,730.77","1,729.72","1,731.03","1,729.63","","0.10%"
"14/03/2017","1,729.10","1,729.07","1,729.25","1,727.70","","-0.03%"
"13/03/2017","1,729.61","1,729.02","1,729.69","1,728.91","","0.06%"
"10/03/2017","1,728.65","1,728.60","1,728.76","1,727.08","","0.11%"
"09/03/2017","1,726.76","1,726.61","1,727.83","1,725.21","","0.00%"
"08/03/2017","1,726.81","1,727.73","1,728.22","1,726.48","","-0.02%"
"07/03/2017","1,727.23","1,727.86","1,728.30","1,726.75","","-0.05%"
"06/03/2017","1,728.09","1,727.20","1,728.54","1,726.65","","0.00%"
"03/03/2017","1,728.02","1,726.58","1,728.05","1,726.54","","0.09%"
"02/03/2017","1,726.44","1,726.66","1,727.62","1,726.29","","-0.03%"
"01/03/2017","1,726.90","1,725.30","1,727.41","1,725.01","","0.34%"
"28/02/2017","1,721.06","1,721.88","1,722.47","1,719.88","","-0.10%"
"27/02/2017","1,722.70","1,721.89","1,723.11","1,721.26","","0.04%"
"24/02/2017","1,721.96","1,718.04","1,721.96","1,717.52","","0.08%"
"23/02/2017","1,720.53","1,721.12","1,721.12","1,717.65","","0.04%"
"22/02/2017","1,719.84","1,719.14","1,720.77","1,718.44","","-0.02%"
"21/02/2017","1,720.26","1,717.97","1,720.74","1,717.97","","0.23%"
"17/02/2017","1,716.28","1,716.28","1,716.28","1,716.28","","0.19%"
"16/02/2017","1,713.01","1,712.97","1,713.03","1,712.82","","0.01%"
"15/02/2017","1,712.78","1,712.82","1,712.92","1,712.73","","0.01%"
"14/02/2017","1,712.69","1,712.61","1,712.71","1,712.46","","0.01%"
"13/02/2017","1,712.46","1,712.50","1,712.65","1,712.44","","0.02%"
"10/02/2017","1,712.19","1,711.93","1,712.21","1,711.85","","0.03%"
"09/02/2017","1,711.64","1,710.44","1,711.87","1,710.36","","0.10%"
"08/02/2017","1,709.85","1,708.12","1,710.04","1,707.62","","0.06%"
"07/02/2017","1,708.89","1,709.11","1,709.91","1,708.36","","0.05%"
"06/02/2017","1,708.11","1,707.40","1,708.64","1,707.25","","0.00%"
"03/02/2017","1,708.13","1,706.24","1,708.32","1,705.45","","0.31%"
"02/02/2017","1,702.83","1,700.64","1,703.73","1,699.50","","0.05%"
"01/02/2017","1,702.01","1,703.67","1,704.16","1,699.30","","0.06%"
"31/01/2017","1,701.01","1,698.94","1,701.54","1,695.95","","0.02%"
"30/01/2017","1,700.69","1,702.43","1,702.43","1,695.56","","-0.23%"
"27/01/2017","1,704.67","1,704.86","1,705.08","1,703.87","","0.01%"
"26/01/2017","1,704.42","1,704.31","1,704.83","1,703.40","","0.01%"
"25/01/2017","1,704.29","1,702.06","1,704.66","1,702.06","","0.27%"
"24/01/2017","1,699.66","1,694.95","1,700.34","1,694.95","","0.34%"
"23/01/2017","1,693.94","1,694.66","1,696.44","1,689.38","","-0.09%"
"20/01/2017","1,695.47","1,695.47","1,695.47","1,695.47","","0.19%"
"19/01/2017","1,692.26","1,694.23","1,694.42","1,689.31","","-0.05%"
"18/01/2017","1,693.16","1,692.36","1,693.50","1,690.48","","0.10%"
"17/01/2017","1,691.44","1,691.32","1,692.52","1,689.23","","-0.04%"
"13/01/2017","1,692.18","1,691.13","1,692.87","1,691.13","","0.13%"
"12/01/2017","1,689.91","1,688.64","1,690.29","1,682.24","","-0.03%"
"11/01/2017","1,690.34","1,687.87","1,690.64","1,684.65","","0.12%"
"10/01/2017","1,688.30","1,687.33","1,690.62","1,686.54","","0.05%"
"09/01/2017","1,687.42","1,687.38","1,688.47","1,686.07","","-0.03%"
"06/01/2017","1,687.89","1,685.49","1,689.31","1,683.51","","0.20%"
"05/01/2017","1,684.53","1,683.30","1,685.17","1,681.17","","0.03%"
"04/01/2017","1,684.10","1,681.82","1,685.08","1,681.26","","0.37%"
"03/01/2017","1,677.94","1,676.04","1,680.04","1,671.88","","0.57%"
"30/12/2016","1,668.39","1,674.05","1,674.46","1,663.94","","-0.21%"
"29/12/2016","1,671.89","1,673.05","1,674.55","1,669.83","","-0.02%"
"28/12/2016","1,672.21","1,680.74","1,680.86","1,672.02","","-0.46%"
"27/12/2016","1,679.90","1,679.00","1,681.02","1,678.67","","0.17%"
"23/12/2016","1,677.13","1,675.82","1,677.43","1,675.03","","0.08%"
"22/12/2016","1,675.83","1,676.36","1,676.54","1,673.66","","-0.06%"
"21/12/2016","1,676.79","1,678.25","1,679.07","1,676.60","","-0.10%"
"20/12/2016","1,678.41","1,677.85","1,678.98","1,676.62","","0.18%"
"19/12/2016","1,675.32","1,673.42","1,676.60","1,672.74","","0.22%"
"16/12/2016","1,671.56","1,671.56","1,671.56","1,671.56","","-0.05%"
"15/12/2016","1,672.33","1,672.31","1,672.41","1,672.16","","0.02%"
"14/12/2016","1,672.06","1,672.22","1,672.31","1,671.91","","-0.01%"
"13/12/2016","1,672.24","1,672.12","1,672.29","1,672.10","","0.02%"
"12/12/2016","1,671.97","1,671.97","1,672.12","1,671.70","","0.01%"
"09/12/2016","1,671.76","1,671.20","1,671.87","1,671.16","","0.04%"
"08/12/2016","1,671.01","1,671.06","1,671.26","1,670.87","","0.01%"
"07/12/2016","1,670.78","1,668.65","1,670.85","1,668.65","","0.12%"
"06/12/2016","1,668.78","1,667.63","1,668.86","1,666.52","","0.15%"
"05/12/2016","1,666.35","1,664.58","1,666.84","1,664.12","","0.41%"
"02/12/2016","1,659.50","1,658.65","1,661.49","1,658.27","","0.05%"
"01/12/2016","1,658.67","1,661.97","1,661.97","1,656.79","","-0.13%"
"30/11/2016","1,660.84","1,664.33","1,664.60","1,660.72","","-0.08%"
"29/11/2016","1,662.20","1,661.16","1,663.39","1,659.63","","0.07%"
"28/11/2016","1,660.99","1,661.53","1,662.83","1,660.65","","-0.10%"
"25/11/2016","1,662.66","1,661.43","1,662.85","1,661.28","","0.12%"
"23/11/2016","1,660.70","1,658.63","1,660.70","1,657.17","","0.06%"
"22/11/2016","1,659.65","1,659.61","1,660.26","1,656.92","","0.09%"
"21/11/2016","1,658.13","1,654.64","1,658.36","1,654.26","","0.40%"
"18/11/2016","1,651.59","1,651.59","1,651.59","1,651.59","","0.05%"
"17/11/2016","1,650.70","1,650.71","1,650.79","1,650.62","","0.01%"
"16/11/2016","1,650.47","1,650.12","1,650.64","1,650.02","","0.02%"
"15/11/2016","1,650.17","1,649.02","1,650.38","1,649.01","","0.13%"
"14/11/2016","1,648.10","1,647.45","1,648.32","1,645.59","","0.12%"
"11/11/2016","1,646.09","1,644.81","1,646.55","1,642.15","","0.05%"
"10/11/2016","1,645.34","1,645.88","1,647.43","1,640.12","","0.14%"
"09/11/2016","1,643.05","1,628.97","1,644.21","1,628.97","","0.79%"
"08/11/2016","1,630.12","1,623.43","1,632.52","1,622.50","","0.28%"
"07/11/2016","1,625.58","1,618.70","1,626.98","1,617.77","","1.55%"
"04/11/2016","1,600.84","1,603.31","1,609.50","1,599.91","","-0.15%"
"03/11/2016","1,603.30","1,610.03","1,611.84","1,600.94","","-0.33%"
"02/11/2016","1,608.66","1,612.52","1,615.46","1,606.07","","-0.41%"
"01/11/2016","1,615.33","1,624.54","1,624.54","1,606.36","","-0.43%"
"31/10/2016","1,622.28","1,625.37","1,625.57","1,621.78","","-0.12%"
"28/10/2016","1,624.29","1,625.91","1,629.51","1,618.37","","-0.13%"
"27/10/2016","1,626.36","1,632.20","1,632.20","1,624.51","","-0.17%"
"26/10/2016","1,629.09","1,627.20","1,631.49","1,626.08","","-0.09%"
"25/10/2016","1,630.59","1,633.22","1,634.07","1,630.09","","-0.19%"
"24/10/2016","1,633.67","1,634.13","1,634.83","1,632.35","","0.27%"
"21/10/2016","1,629.34","1,629.34","1,629.34","1,629.34","","0.04%"
"20/10/2016","1,628.66","1,627.02","1,629.04","1,625.11","","0.09%"
"19/10/2016","1,627.27","1,626.24","1,627.88","1,625.29","","0.16%"
"18/10/2016","1,624.74","1,624.59","1,625.69","1,622.18","","0.45%"
"17/10/2016","1,617.47","1,619.53","1,620.18","1,616.06","","-0.09%"
"14/10/2016","1,619.00","1,622.01","1,623.58","1,617.85","","0.15%"
"13/10/2016","1,616.62","1,611.43","1,618.72","1,607.19","","-0.12%"
"12/10/2016","1,618.55","1,617.83","1,620.54","1,615.12","","0.12%"
"11/10/2016","1,616.67","1,623.61","1,623.61","1,612.12","","-0.49%"
"10/10/2016","1,624.59","1,624.17","1,625.70","1,623.98","","0.26%"
"07/10/2016","1,620.43","1,622.72","1,622.72","1,616.77","","-0.06%"
"06/10/2016","1,621.41","1,619.65","1,622.21","1,617.59","","0.09%"
"05/10/2016","1,619.95","1,619.14","1,621.36","1,618.95","","0.23%"
"04/10/2016","1,616.27","1,620.01","1,620.43","1,613.02","","-0.12%"
"03/10/2016","1,618.28","1,617.55","1,619.12","1,616.14","","-0.04%"
"30/09/2016","1,618.92","1,617.89","1,621.10","1,615.64","","0.39%"
"29/09/2016","1,612.57","1,619.64","1,620.86","1,609.71","","-0.46%"
"28/09/2016","1,620.04","1,617.91","1,620.35","1,614.20","","0.22%"
"27/09/2016","1,616.48","1,609.46","1,616.82","1,608.88","","0.40%"
"26/09/2016","1,610.05","1,613.79","1,614.40","1,609.79","","-0.43%"
"23/09/2016","1,617.00","1,617.91","1,618.83","1,616.27","","-0.12%"
"22/09/2016","1,618.89","1,617.94","1,619.70","1,617.56","","0.30%"
"21/09/2016","1,614.07","1,608.08","1,614.49","1,603.84","","0.63%"
"20/09/2016","1,603.98","1,607.95","1,608.37","1,603.22","","0.00%"
"19/09/2016","1,604.04","1,607.10","1,609.43","1,602.40","","0.06%"
"16/09/2016","1,603.13","1,603.13","1,603.13","1,603.13","","-0.22%"
"15/09/2016","1,606.70","1,590.83","1,609.65","1,588.03","","1.03%"
"14/09/2016","1,590.33","1,592.54","1,601.89","1,585.77","","-0.06%"
"13/09/2016","1,591.25","1,591.25","1,591.25","1,591.25","","-1.36%"
"12/09/2016","1,613.20","1,613.20","1,613.20","1,613.20","","1.43%"
"09/09/2016","1,590.45","1,615.18","1,615.33","1,587.46","","-2.03%"
"08/09/2016","1,623.36","1,623.29","1,624.15","1,621.23","","-0.06%"
"07/09/2016","1,624.40","1,623.13","1,624.55","1,621.37","","0.04%"
"06/09/2016","1,623.75","1,622.14","1,624.08","1,618.77","","0.20%"
"02/09/2016","1,620.51","1,619.65","1,621.49","1,617.15","","0.40%"
"01/09/2016","1,614.07","1,614.29","1,615.41","1,606.51","","0.00%"